slide_name,blob_index,x_position,y_position,stack_size,reference_z,best_z,z_difference,best_index,focus_metric,color_metric,process_time,capture_status,index,type,id,score,slide_top_edge_px,slide_bottom_edge_px,slide_height_um,slide_found,slide_top_width_um,slide_bottom_width_um,slide_left_bottom_side_px,slide_left_top_side_px,slide_right_bottom_side_px,slide_right_top_side_px,slide_placed,slide_bottom_width_dimension_status,slide_top_width_dimension_status,distance_change_px,left_corner_difference_px,right_corner_difference_px,slope_px,angle_degrees,y_offset_px,x_offset_px,_source.data.x_offset_um,_source.data.y_offset_um,placement_status,x_dimen_status,y_dimen_status,height_status,slide_thickness,raw_slide_thickness,cluster_name,scanner_name,u_id,load_identifier,row_index,col_index,time_stamp,slide_id,row,column,loaded_date,_source.data.initial_box_0_0_px,_source.data.initial_box_0_1_px,_source.data.initial_box_1_0_px,_source.data.initial_box_1_1_px,_source.data.initial_box_2_0_px,_source.data.initial_box_2_1_px,_source.data.initial_box_3_0_px,_source.data.initial_box_3_1_px,_source.data.rect_start_x_px,_source.data.rect_start_y_px,_source.data.rect_start_width_px,_source.data.rect_start_height_px,_source.data.rect_angle,_source.data.bottom_edge_px,_source.data.bottom_right_side_edge_px,_source.data.final_box_0_0_px,_source.data.final_box_0_1_px,_source.data.final_box_1_0_px,_source.data.final_box_1_1_px,_source.data.final_box_2_0_px,_source.data.final_box_2_1_px,_source.data.final_box_3_0_px,_source.data.final_box_3_1_px,_source.data.hyp_pyth_theorem,_source.data.opp_pyth_theorem,_source.data.adj_pyth_theorem,permissible_angle,actual_angle,_source.data.expected_del_pos_x,_source.data.expected_del_pos_y,_source.data.zoomed_in_del_pos_x,_source.data.zoomed_in_del_pos_y,_source.data.zoom_in_out_ratio,_source.data.zoom_slope,_source.data.slide_pos_x,_source.data.slide_pos_y,_source.data.offset_pos_x_px,_source.data.offset_pos_y_px,offset_pos_x_um,offset_pos_y_um,_source.data.slide_height_px,_source.data.slide_width_px,slide_width_um,_source.data.y_stage_img_pos_status,_source.data.x_stage_img_pos_status,_source.data.error_x_pos,_source.data.error_y_pos,_source.data.slide_presence_probability,_source.data.opposite_value,date,_merge
H01CBA02P_102946,0,18275.0,22943.75,37,6630.0,6630.0,0.0,18,28.058544615280177,14.560140901052014,3.2544002532958984,1,slide_placement,_doc,StJI4ngB09L0ZGqtwjo3,1.0,97.0,2031.0,76006.2,True,25662.899999999998,25702.199999999997,132.0,144.0,786.0,797.0,True,True,True,11.0,12.0,11.0,,,,,,,True,True,False,True,1.14,24.0,CS002,H01CBA02P,,CS002-1-1618671018118,3,12,2021-04-18T00:02:02,102946,,,,,,,,,,,,,,,,,,,144,94,797,101,786,2031,132,2023,,,,1.5018019949811932,0.34412561872712033,752,193,771,175,0.9469879518072288,18.863636363636335,797,94,-26.208652792990165,80.08817086527932,-1025.0,3150.0,1934.0,653.0,25662.899999999998,False,False,,,False,48,2021-04-18,both
H01CBA02P_102946,1,19456.25,13656.25,37,6640.0,6641.875,-1.875,19,23.30349930421206,21.336869055783218,2.257174491882324,1,slide_placement,_doc,StJI4ngB09L0ZGqtwjo3,1.0,97.0,2031.0,76006.2,True,25662.899999999998,25702.199999999997,132.0,144.0,786.0,797.0,True,True,True,11.0,12.0,11.0,,,,,,,True,True,False,True,1.14,24.0,CS002,H01CBA02P,,CS002-1-1618671018118,3,12,2021-04-18T00:02:02,102946,,,,,,,,,,,,,,,,,,,144,94,797,101,786,2031,132,2023,,,,1.5018019949811932,0.34412561872712033,752,193,771,175,0.9469879518072288,18.863636363636335,797,94,-26.208652792990165,80.08817086527932,-1025.0,3150.0,1934.0,653.0,25662.899999999998,False,False,,,False,48,2021-04-18,both
H01CBA02P_102946,3,18700.0,36137.5,69,6630.0,6616.875,13.125,27,26.134134337983234,14.359478843032546,3.2404747009277344,1,slide_placement,_doc,StJI4ngB09L0ZGqtwjo3,1.0,97.0,2031.0,76006.2,True,25662.899999999998,25702.199999999997,132.0,144.0,786.0,797.0,True,True,True,11.0,12.0,11.0,,,,,,,True,True,False,True,1.14,24.0,CS002,H01CBA02P,,CS002-1-1618671018118,3,12,2021-04-18T00:02:02,102946,,,,,,,,,,,,,,,,,,,144,94,797,101,786,2031,132,2023,,,,1.5018019949811932,0.34412561872712033,752,193,771,175,0.9469879518072288,18.863636363636335,797,94,-26.208652792990165,80.08817086527932,-1025.0,3150.0,1934.0,653.0,25662.899999999998,False,False,,,False,48,2021-04-18,both
H01CBA03P_102939,0,14787.5,35362.5,25,6840.0,6840.0,0.0,12,30.234779214608142,15.021622661798492,3.6942594051361084,1,slide_placement,_doc,xNJJ4ngB09L0ZGqtUUDn,1.0,143.0,2082.0,75621.0,True,25584.0,25701.0,127.0,116.0,786.0,772.0,True,True,True,-14.0,-11.0,-14.0,,,,,,,True,True,False,True,1.3,27.0,CS002,H01CBA03P,,CS002-2-1618671018120,3,0,2021-04-18T00:02:39,102939,,,,,,,,,,,,,,,,,,,116,144,772,140,786,1943,127,2082,,,,1.0691347198709098,-0.44021072729198996,751,202,776,177,0.9397590361445783,24.900000000000013,786,140,-10.196385542168741,36.66626506024096,-393.75,1431.25,1939.0,656.0,25584.0,False,False,,,False,34,2021-04-18,both
H01CBA03P_102939,1,17300.0,26681.25,25,6910.0,6906.25,3.75,10,22.22489563180939,12.047873781685478,2.081228017807007,1,slide_placement,_doc,xNJJ4ngB09L0ZGqtUUDn,1.0,143.0,2082.0,75621.0,True,25584.0,25701.0,127.0,116.0,786.0,772.0,True,True,True,-14.0,-11.0,-14.0,,,,,,,True,True,False,True,1.3,27.0,CS002,H01CBA03P,,CS002-2-1618671018120,3,0,2021-04-18T00:02:39,102939,,,,,,,,,,,,,,,,,,,116,144,772,140,786,1943,127,2082,,,,1.0691347198709098,-0.44021072729198996,751,202,776,177,0.9397590361445783,24.900000000000013,786,140,-10.196385542168741,36.66626506024096,-393.75,1431.25,1939.0,656.0,25584.0,False,False,,,False,34,2021-04-18,both
H01CBA03P_102939,2,19562.5,17331.25,25,6936.25,6941.875,-5.625,15,21.841377320707323,14.758401274554664,2.2020952701568604,1,slide_placement,_doc,xNJJ4ngB09L0ZGqtUUDn,1.0,143.0,2082.0,75621.0,True,25584.0,25701.0,127.0,116.0,786.0,772.0,True,True,True,-14.0,-11.0,-14.0,,,,,,,True,True,False,True,1.3,27.0,CS002,H01CBA03P,,CS002-2-1618671018120,3,0,2021-04-18T00:02:39,102939,,,,,,,,,,,,,,,,,,,116,144,772,140,786,1943,127,2082,,,,1.0691347198709098,-0.44021072729198996,751,202,776,177,0.9397590361445783,24.900000000000013,786,140,-10.196385542168741,36.66626506024096,-393.75,1431.25,1939.0,656.0,25584.0,False,False,,,False,34,2021-04-18,both
H01CBA03P_102941,0,16350.0,18450.0,25,7010.0,7013.75,-3.75,14,17.6462132964376,14.080112012897244,7.485182285308838,1,slide_placement,_doc,gtJM4ngB09L0ZGqtpW4G,1.0,140.0,2077.0,75543.0,True,25701.0,25779.0,115.0,110.0,776.0,769.0,True,True,True,-7.0,-5.0,-7.0,,,,,,,True,True,False,True,1.14,24.0,CS002,H01CBA03P,,CS002-2-1618671018120,3,1,2021-04-18T00:06:17,102941,,,,,,,,,,,,,,,,,,,110,141,772,139,778,2069,115,2077,,,,0.9757963514786449,-0.22033100315382056,751,202,776,177,0.9397590361445783,24.900000000000013,778,139,-2.1963855421687413,37.66626506024096,-81.25,1475.0,1937.0,659.0,25701.0,False,False,,,False,31,2021-04-18,both
H01CBA02P_102948,0,10025.0,28362.5,37,6340.0,6340.0,0.0,18,24.67489054067813,18.54603417240116,3.7401912212371826,1,slide_placement,_doc,29JO4ngB09L0ZGqtXIYw,1.0,99.0,2012.0,75180.9,True,24955.5,25112.699999999997,151.0,151.0,790.0,786.0,True,True,True,-4.0,0.0,-4.0,,,,,,,True,True,False,True,1.46,30.0,CS002,H01CBA02P,,CS002-1-1618671018118,3,13,2021-04-18T00:08:09,102948,,,,,,,,,,,,,,,,,,,151,99,786,103,790,2015,151,2012,,,,2.0562210144028743,-0.12650962049441689,752,193,771,175,0.9469879518072288,18.863636363636335,790,99,-19.208652792990165,75.08817086527932,-750.0,2956.25,1913.0,635.0,24955.5,False,False,,,False,65,2021-04-18,both
H01CBA02P_102950,0,10068.75,33787.5,37,6390.0,6388.125,1.875,17,42.205325323286836,15.135539932716139,3.92511248588562,1,slide_placement,_doc,3tJR4ngB09L0ZGqtLaip,1.0,91.0,2014.0,75573.9,True,25544.999999999996,26370.3,127.0,142.0,798.0,792.0,True,True,True,-6.0,15.0,-6.0,,,,,,,True,True,False,True,1.35,28.0,CS002,H01CBA02P,,CS002-1-1618671018118,3,14,2021-04-18T00:11:14,102950,,,,,,,,,,,,,,,,,,,141,91,792,97,798,2016,126,2011,,,,1.6048182624022407,-0.18877780438917585,752,193,771,175,0.9469879518072288,18.863636363636335,798,91,-27.208652792990165,83.08817086527932,-1068.75,3268.75,1923.0,650.0,25544.999999999996,False,False,,,False,51,2021-04-18,both
H01CBA02P_102950,1,18993.75,38618.75,37,6368.125,6373.75,-5.625,21,45.289305230288846,15.323813307012461,2.0553181171417236,1,slide_placement,_doc,3tJR4ngB09L0ZGqtLaip,1.0,91.0,2014.0,75573.9,True,25544.999999999996,26370.3,127.0,142.0,798.0,792.0,True,True,True,-6.0,15.0,-6.0,,,,,,,True,True,False,True,1.35,28.0,CS002,H01CBA02P,,CS002-1-1618671018118,3,14,2021-04-18T00:11:14,102950,,,,,,,,,,,,,,,,,,,141,91,792,97,798,2016,126,2011,,,,1.6048182624022407,-0.18877780438917585,752,193,771,175,0.9469879518072288,18.863636363636335,798,91,-27.208652792990165,83.08817086527932,-1068.75,3268.75,1923.0,650.0,25544.999999999996,False,False,,,False,51,2021-04-18,both
H01CBA02P_102950,2,12168.75,44543.75,37,6343.75,6349.375,-5.625,21,45.04996775616875,18.304254040741984,2.1129117012023926,1,slide_placement,_doc,3tJR4ngB09L0ZGqtLaip,1.0,91.0,2014.0,75573.9,True,25544.999999999996,26370.3,127.0,142.0,798.0,792.0,True,True,True,-6.0,15.0,-6.0,,,,,,,True,True,False,True,1.35,28.0,CS002,H01CBA02P,,CS002-1-1618671018118,3,14,2021-04-18T00:11:14,102950,,,,,,,,,,,,,,,,,,,141,91,792,97,798,2016,126,2011,,,,1.6048182624022407,-0.18877780438917585,752,193,771,175,0.9469879518072288,18.863636363636335,798,91,-27.208652792990165,83.08817086527932,-1068.75,3268.75,1923.0,650.0,25544.999999999996,False,False,,,False,51,2021-04-18,both
H01CBA02P_102950,3,15793.75,50043.75,69,6349.375,6334.375,15.0,26,42.76502012282483,16.754989816939087,2.1564457416534424,1,slide_placement,_doc,3tJR4ngB09L0ZGqtLaip,1.0,91.0,2014.0,75573.9,True,25544.999999999996,26370.3,127.0,142.0,798.0,792.0,True,True,True,-6.0,15.0,-6.0,,,,,,,True,True,False,True,1.35,28.0,CS002,H01CBA02P,,CS002-1-1618671018118,3,14,2021-04-18T00:11:14,102950,,,,,,,,,,,,,,,,,,,141,91,792,97,798,2016,126,2011,,,,1.6048182624022407,-0.18877780438917585,752,193,771,175,0.9469879518072288,18.863636363636335,798,91,-27.208652792990165,83.08817086527932,-1068.75,3268.75,1923.0,650.0,25544.999999999996,False,False,,,False,51,2021-04-18,both
H01CBA02P_102950,4,14700.0,28531.25,69,6388.125,6403.125,-15.0,42,43.68100329226487,16.533598657512584,2.9690136909484863,1,slide_placement,_doc,3tJR4ngB09L0ZGqtLaip,1.0,91.0,2014.0,75573.9,True,25544.999999999996,26370.3,127.0,142.0,798.0,792.0,True,True,True,-6.0,15.0,-6.0,,,,,,,True,True,False,True,1.35,28.0,CS002,H01CBA02P,,CS002-1-1618671018118,3,14,2021-04-18T00:11:14,102950,,,,,,,,,,,,,,,,,,,141,91,792,97,798,2016,126,2011,,,,1.6048182624022407,-0.18877780438917585,752,193,771,175,0.9469879518072288,18.863636363636335,798,91,-27.208652792990165,83.08817086527932,-1068.75,3268.75,1923.0,650.0,25544.999999999996,False,False,,,False,51,2021-04-18,both
H01CBA03P_102945,0,19975.0,45875.0,25,6810.0,6800.625,9.375,7,15.685554763601806,7.235582776437827,4.316296339035034,1,slide_placement,_doc,ytJS4ngB09L0ZGqtybsj,1.0,139.0,2085.0,75894.0,True,25506.0,25506.0,131.0,118.0,785.0,772.0,True,True,True,-13.0,-13.0,-13.0,,,,,,,True,True,False,True,1.25,26.0,CS002,H01CBA03P,,CS002-2-1618671018120,3,3,2021-04-18T00:12:59,102945,,,,,,,,,,,,,,,,,,,118,139,772,140,785,2085,131,2084,,,,1.1279603666856528,-0.40729614181884066,751,202,776,177,0.9397590361445783,24.900000000000013,785,139,-9.196385542168741,37.66626506024096,-356.25,1475.0,1946.0,654.0,25506.0,False,False,,,False,36,2021-04-18,both
H01CBA03P_102945,1,9968.75,28343.75,25,6830.625,6830.625,0.0,12,7.246020432406747,11.468114898700223,2.585608959197998,1,slide_placement,_doc,ytJS4ngB09L0ZGqtybsj,1.0,139.0,2085.0,75894.0,True,25506.0,25506.0,131.0,118.0,785.0,772.0,True,True,True,-13.0,-13.0,-13.0,,,,,,,True,True,False,True,1.25,26.0,CS002,H01CBA03P,,CS002-2-1618671018120,3,3,2021-04-18T00:12:59,102945,,,,,,,,,,,,,,,,,,,118,139,772,140,785,2085,131,2084,,,,1.1279603666856528,-0.40729614181884066,751,202,776,177,0.9397590361445783,24.900000000000013,785,139,-9.196385542168741,37.66626506024096,-356.25,1475.0,1946.0,654.0,25506.0,False,False,,,False,36,2021-04-18,both
H01CBA03P_102947,0,13800.0,46125.0,25,6780.0,6785.625,-5.625,15,30.946061697365298,31.296091791298164,4.300640344619751,1,slide_placement,_doc,L9JU4ngB09L0ZGqtx9go,1.0,137.0,2082.0,75855.0,True,25701.0,25857.0,116.0,111.0,779.0,770.0,True,True,True,-9.0,-5.0,-9.0,,,,,,,True,True,False,True,1.2,25.0,CS002,H01CBA03P,,CS002-2-1618671018120,3,4,2021-04-18T00:15:10,102947,,,,,,,,,,,,,,,,,,,111,144,773,137,780,2072,116,2082,,,,0.9717824075227115,-0.28211798986137465,751,202,776,177,0.9397590361445783,24.900000000000013,780,137,-4.196385542168741,39.66626506024096,-162.5,1550.0,1945.0,659.0,25701.0,False,False,,,False,31,2021-04-18,both
H01CBA03P_102947,1,11493.75,44256.25,25,6765.625,6767.5,-1.875,13,30.33251128534094,21.96302150611068,1.8715572357177734,1,slide_placement,_doc,L9JU4ngB09L0ZGqtx9go,1.0,137.0,2082.0,75855.0,True,25701.0,25857.0,116.0,111.0,779.0,770.0,True,True,True,-9.0,-5.0,-9.0,,,,,,,True,True,False,True,1.2,25.0,CS002,H01CBA03P,,CS002-2-1618671018120,3,4,2021-04-18T00:15:10,102947,,,,,,,,,,,,,,,,,,,111,144,773,137,780,2072,116,2082,,,,0.9717824075227115,-0.28211798986137465,751,202,776,177,0.9397590361445783,24.900000000000013,780,137,-4.196385542168741,39.66626506024096,-162.5,1550.0,1945.0,659.0,25701.0,False,False,,,False,31,2021-04-18,both
H01CBA03P_102947,2,17175.0,40556.25,25,6837.5,6833.75,3.75,10,47.13626921902047,48.4979359302813,1.8244719505310059,1,slide_placement,_doc,L9JU4ngB09L0ZGqtx9go,1.0,137.0,2082.0,75855.0,True,25701.0,25857.0,116.0,111.0,779.0,770.0,True,True,True,-9.0,-5.0,-9.0,,,,,,,True,True,False,True,1.2,25.0,CS002,H01CBA03P,,CS002-2-1618671018120,3,4,2021-04-18T00:15:10,102947,,,,,,,,,,,,,,,,,,,111,144,773,137,780,2072,116,2082,,,,0.9717824075227115,-0.28211798986137465,751,202,776,177,0.9397590361445783,24.900000000000013,780,137,-4.196385542168741,39.66626506024096,-162.5,1550.0,1945.0,659.0,25701.0,False,False,,,False,31,2021-04-18,both
H01CBA03P_102947,3,17462.5,33162.5,47,6833.75,6846.875,-13.125,30,37.84741380515143,40.15889850320298,1.7525947093963623,1,slide_placement,_doc,L9JU4ngB09L0ZGqtx9go,1.0,137.0,2082.0,75855.0,True,25701.0,25857.0,116.0,111.0,779.0,770.0,True,True,True,-9.0,-5.0,-9.0,,,,,,,True,True,False,True,1.2,25.0,CS002,H01CBA03P,,CS002-2-1618671018120,3,4,2021-04-18T00:15:10,102947,,,,,,,,,,,,,,,,,,,111,144,773,137,780,2072,116,2082,,,,0.9717824075227115,-0.28211798986137465,751,202,776,177,0.9397590361445783,24.900000000000013,780,137,-4.196385542168741,39.66626506024096,-162.5,1550.0,1945.0,659.0,25701.0,False,False,,,False,31,2021-04-18,both
H01CBA02P_102952,0,13268.75,14412.5,37,6320.0,6321.875,-1.875,19,26.39056443675118,32.5299289831652,4.13642692565918,1,slide_placement,_doc,EtJV4ngB09L0ZGqtZd_n,1.0,103.0,2018.0,75259.5,True,25112.699999999997,25309.199999999997,132.0,147.0,776.0,786.0,True,True,True,10.0,15.0,10.0,,,,,,,True,True,False,True,1.56,32.0,CS002,H01CBA02P,,CS002-1-1618671018118,3,15,2021-04-18T00:15:50,102952,,,,,,,,,,,,,,,,,,,147,99,786,104,776,2018,132,2009,,,,1.9276188568773998,0.31594508336135513,752,193,771,175,0.9469879518072288,18.863636363636335,786,99,-15.208652792990165,75.08817086527932,-593.75,2956.25,1915.0,639.0,25112.699999999997,False,False,,,False,61,2021-04-18,both
H01CBA02P_102952,1,13731.25,25381.25,37,6301.875,6301.875,0.0,18,29.114639265066916,24.893304837259617,2.314255952835083,1,slide_placement,_doc,EtJV4ngB09L0ZGqtZd_n,1.0,103.0,2018.0,75259.5,True,25112.699999999997,25309.199999999997,132.0,147.0,776.0,786.0,True,True,True,10.0,15.0,10.0,,,,,,,True,True,False,True,1.56,32.0,CS002,H01CBA02P,,CS002-1-1618671018118,3,15,2021-04-18T00:15:50,102952,,,,,,,,,,,,,,,,,,,147,99,786,104,776,2018,132,2009,,,,1.9276188568773998,0.31594508336135513,752,193,771,175,0.9469879518072288,18.863636363636335,786,99,-15.208652792990165,75.08817086527932,-593.75,2956.25,1915.0,639.0,25112.699999999997,False,False,,,False,61,2021-04-18,both
H01CBA02P_102952,2,13181.25,36556.25,37,6281.875,6278.125,3.75,16,39.00567152021179,25.704075492445334,2.335707664489746,1,slide_placement,_doc,EtJV4ngB09L0ZGqtZd_n,1.0,103.0,2018.0,75259.5,True,25112.699999999997,25309.199999999997,132.0,147.0,776.0,786.0,True,True,True,10.0,15.0,10.0,,,,,,,True,True,False,True,1.56,32.0,CS002,H01CBA02P,,CS002-1-1618671018118,3,15,2021-04-18T00:15:50,102952,,,,,,,,,,,,,,,,,,,147,99,786,104,776,2018,132,2009,,,,1.9276188568773998,0.31594508336135513,752,193,771,175,0.9469879518072288,18.863636363636335,786,99,-15.208652792990165,75.08817086527932,-593.75,2956.25,1915.0,639.0,25112.699999999997,False,False,,,False,61,2021-04-18,both
H01CBA02P_102952,3,19793.75,38656.25,69,6278.125,6283.75,-5.625,37,10.54062722736992,23.104451067695898,2.183746814727783,1,slide_placement,_doc,EtJV4ngB09L0ZGqtZd_n,1.0,103.0,2018.0,75259.5,True,25112.699999999997,25309.199999999997,132.0,147.0,776.0,786.0,True,True,True,10.0,15.0,10.0,,,,,,,True,True,False,True,1.56,32.0,CS002,H01CBA02P,,CS002-1-1618671018118,3,15,2021-04-18T00:15:50,102952,,,,,,,,,,,,,,,,,,,147,99,786,104,776,2018,132,2009,,,,1.9276188568773998,0.31594508336135513,752,193,771,175,0.9469879518072288,18.863636363636335,786,99,-15.208652792990165,75.08817086527932,-593.75,2956.25,1915.0,639.0,25112.699999999997,False,False,,,False,61,2021-04-18,both
H01CBA02P_102952,4,12212.5,47568.75,69,6278.125,6250.0,28.125,19,41.01323628853921,15.083675821569026,2.4313671588897705,1,slide_placement,_doc,EtJV4ngB09L0ZGqtZd_n,1.0,103.0,2018.0,75259.5,True,25112.699999999997,25309.199999999997,132.0,147.0,776.0,786.0,True,True,True,10.0,15.0,10.0,,,,,,,True,True,False,True,1.56,32.0,CS002,H01CBA02P,,CS002-1-1618671018118,3,15,2021-04-18T00:15:50,102952,,,,,,,,,,,,,,,,,,,147,99,786,104,776,2018,132,2009,,,,1.9276188568773998,0.31594508336135513,752,193,771,175,0.9469879518072288,18.863636363636335,786,99,-15.208652792990165,75.08817086527932,-593.75,2956.25,1915.0,639.0,25112.699999999997,False,False,,,False,61,2021-04-18,both
H01CBA03P_102951,0,10093.75,14543.75,25,6870.0,6868.125,1.875,11,43.118776092047646,22.84379090666429,3.7124338150024414,1,slide_placement,_doc,2NNZ4ngB09L0ZGqtXRjE,1.0,139.0,2072.0,75387.0,True,25350.0,25545.0,130.0,128.0,785.0,778.0,True,True,True,-7.0,-2.0,-7.0,,,,,,,True,True,False,True,1.25,26.0,CS002,H01CBA03P,,CS002-2-1618671018120,3,6,2021-04-18T00:20:10,102951,,,,,,,,,,,,,,,,,,,128,160,778,138,785,2011,130,2072,,,,1.2617385187194556,-0.22078694126579163,751,202,776,177,0.9397590361445783,24.900000000000013,785,138,-9.196385542168741,38.66626506024096,-356.25,1512.5,1933.0,650.0,25350.0,False,False,,,False,40,2021-04-18,both
H01CBA02P_102956,0,16337.5,15593.75,37,6610.0,6606.25,3.75,16,49.82979330007126,27.79980990645561,3.7278382778167725,1,slide_placement,_doc,h9Nd4ngB09L0ZGqt7loL,1.0,97.0,1998.0,74709.29999999999,True,25623.6,26566.8,125.0,131.0,801.0,783.0,True,True,True,-18.0,6.0,-18.0,,,,,,,True,True,False,True,1.14,24.0,CS002,H01CBA02P,,CS002-1-1618671018118,3,17,2021-04-18T00:25:09,102956,,,,,,,,,,,,,,,,,,,131,97,783,100,801,2001,125,1998,,,,1.5597169150200725,-0.5728960180757894,752,193,771,175,0.9469879518072288,18.863636363636335,801,97,-30.208652792990165,77.08817086527932,-1181.25,3031.25,1900.0,652.0,25623.6,False,False,,,False,49,2021-04-18,both
H01CBA02P_102956,2,8168.75,36600.0,37,6550.0,6546.25,3.75,16,11.782822523164647,8.143450836441938,4.594249963760376,1,slide_placement,_doc,h9Nd4ngB09L0ZGqt7loL,1.0,97.0,1998.0,74709.29999999999,True,25623.6,26566.8,125.0,131.0,801.0,783.0,True,True,True,-18.0,6.0,-18.0,,,,,,,True,True,False,True,1.14,24.0,CS002,H01CBA02P,,CS002-1-1618671018118,3,17,2021-04-18T00:25:09,102956,,,,,,,,,,,,,,,,,,,131,97,783,100,801,2001,125,1998,,,,1.5597169150200725,-0.5728960180757894,752,193,771,175,0.9469879518072288,18.863636363636335,801,97,-30.208652792990165,77.08817086527932,-1181.25,3031.25,1900.0,652.0,25623.6,False,False,,,False,49,2021-04-18,both
H01CBA03P_102953,0,12768.75,41056.25,25,6790.0,6793.75,-3.75,14,47.439530937107556,37.341367312943184,4.062110662460327,1,slide_placement,_doc,gtNg4ngB09L0ZGqtpHsv,1.0,136.0,2081.0,75855.0,True,25272.0,25389.0,133.0,128.0,784.0,776.0,True,True,True,-8.0,-5.0,-8.0,,,,,,,True,True,False,True,1.35,28.0,CS002,H01CBA03P,,CS002-2-1618671018120,3,7,2021-04-18T00:28:07,102953,,,,,,,,,,,,,,,,,,,128,136,777,141,784,2081,133,2078,,,,1.2853067813746655,-0.25077133387139067,751,202,776,177,0.9397590361445783,24.900000000000013,784,136,-8.196385542168741,40.66626506024096,-318.75,1587.5,1945.0,648.0,25272.0,False,False,,,False,41,2021-04-18,both
H01CBA03P_102953,2,10750.0,17706.25,25,6783.75,6791.25,-7.5,16,59.89436920883819,62.999957978128585,2.6016247272491455,1,slide_placement,_doc,gtNg4ngB09L0ZGqtpHsv,1.0,136.0,2081.0,75855.0,True,25272.0,25389.0,133.0,128.0,784.0,776.0,True,True,True,-8.0,-5.0,-8.0,,,,,,,True,True,False,True,1.35,28.0,CS002,H01CBA03P,,CS002-2-1618671018120,3,7,2021-04-18T00:28:07,102953,,,,,,,,,,,,,,,,,,,128,136,777,141,784,2081,133,2078,,,,1.2853067813746655,-0.25077133387139067,751,202,776,177,0.9397590361445783,24.900000000000013,784,136,-8.196385542168741,40.66626506024096,-318.75,1587.5,1945.0,648.0,25272.0,False,False,,,False,41,2021-04-18,both
H01CBA03P_102953,3,3381.25,11968.75,47,6791.25,6793.125,-1.875,24,12.063520347554562,7.744315030818337,1.7532482147216797,1,slide_placement,_doc,gtNg4ngB09L0ZGqtpHsv,1.0,136.0,2081.0,75855.0,True,25272.0,25389.0,133.0,128.0,784.0,776.0,True,True,True,-8.0,-5.0,-8.0,,,,,,,True,True,False,True,1.35,28.0,CS002,H01CBA03P,,CS002-2-1618671018120,3,7,2021-04-18T00:28:07,102953,,,,,,,,,,,,,,,,,,,128,136,777,141,784,2081,133,2078,,,,1.2853067813746655,-0.25077133387139067,751,202,776,177,0.9397590361445783,24.900000000000013,784,136,-8.196385542168741,40.66626506024096,-318.75,1587.5,1945.0,648.0,25272.0,False,False,,,False,41,2021-04-18,both
H01CBA03P_102953,4,4206.25,9562.5,47,6793.125,6798.75,-5.625,26,10.62063435495367,7.8479893426563905,1.5482044219970703,1,slide_placement,_doc,gtNg4ngB09L0ZGqtpHsv,1.0,136.0,2081.0,75855.0,True,25272.0,25389.0,133.0,128.0,784.0,776.0,True,True,True,-8.0,-5.0,-8.0,,,,,,,True,True,False,True,1.35,28.0,CS002,H01CBA03P,,CS002-2-1618671018120,3,7,2021-04-18T00:28:07,102953,,,,,,,,,,,,,,,,,,,128,136,777,141,784,2081,133,2078,,,,1.2853067813746655,-0.25077133387139067,751,202,776,177,0.9397590361445783,24.900000000000013,784,136,-8.196385542168741,40.66626506024096,-318.75,1587.5,1945.0,648.0,25272.0,False,False,,,False,41,2021-04-18,both
H01CBA02P_102958,0,11668.75,20256.25,37,6560.0,6556.25,3.75,16,14.844945355191257,22.434834662168942,3.4687821865081787,1,slide_placement,_doc,SNNj4ngB09L0ZGqt-KUr,1.0,106.0,2043.0,76124.09999999999,True,25269.899999999998,25584.3,129.0,145.0,780.0,788.0,True,True,True,8.0,16.0,8.0,,,,,,,True,True,False,True,1.35,28.0,CS002,H01CBA02P,,CS002-1-1618671018118,3,18,2021-04-18T00:31:45,102958,,,,,,,,,,,,,,,,,,,145,104,789,226,780,2043,127,2036,,,,1.8119614144902352,0.24988484727161242,752,193,771,175,0.9469879518072288,18.863636363636335,789,104,-18.208652792990165,70.08817086527932,-712.5,2756.25,1937.0,643.0,25269.899999999998,False,False,,,False,58,2021-04-18,both
H01CBA02P_102958,3,14362.5,49918.75,69,6556.25,6576.875,-20.625,45,9.316040457522996,8.528054395124734,4.284977912902832,1,slide_placement,_doc,SNNj4ngB09L0ZGqt-KUr,1.0,106.0,2043.0,76124.09999999999,True,25269.899999999998,25584.3,129.0,145.0,780.0,788.0,True,True,True,8.0,16.0,8.0,,,,,,,True,True,False,True,1.35,28.0,CS002,H01CBA02P,,CS002-1-1618671018118,3,18,2021-04-18T00:31:45,102958,,,,,,,,,,,,,,,,,,,145,104,789,226,780,2043,127,2036,,,,1.8119614144902352,0.24988484727161242,752,193,771,175,0.9469879518072288,18.863636363636335,789,104,-18.208652792990165,70.08817086527932,-712.5,2756.25,1937.0,643.0,25269.899999999998,False,False,,,False,58,2021-04-18,both
H01CBA03P_102955,0,14537.5,34737.5,25,6970.0,6970.0,0.0,12,36.48235527045222,28.89199404187612,3.3807926177978516,1,slide_placement,_doc,ItNm4ngB09L0ZGqtW8W_,1.0,134.0,2073.0,75621.0,True,25818.0,26013.0,132.0,112.0,799.0,774.0,True,True,True,-25.0,-20.0,-25.0,,,,,,,True,True,False,True,1.09,23.0,CS002,H01CBA03P,,CS002-2-1618671018120,3,8,2021-04-18T00:34:22,102955,,,,,,,,,,,,,,,,,,,112,134,774,141,799,2076,131,2071,,,,0.880447443099147,-0.7861075135570057,751,202,776,177,0.9397590361445783,24.900000000000013,799,134,-23.19638554216874,42.66626506024096,-900.0,1668.75,1939.0,662.0,25818.0,False,False,,,False,28,2021-04-18,both
H01CBA03P_102955,1,14787.5,37687.5,25,6960.0,6963.75,-3.75,14,26.597383912779488,35.948611446869506,1.9336435794830322,1,slide_placement,_doc,ItNm4ngB09L0ZGqtW8W_,1.0,134.0,2073.0,75621.0,True,25818.0,26013.0,132.0,112.0,799.0,774.0,True,True,True,-25.0,-20.0,-25.0,,,,,,,True,True,False,True,1.09,23.0,CS002,H01CBA03P,,CS002-2-1618671018120,3,8,2021-04-18T00:34:22,102955,,,,,,,,,,,,,,,,,,,112,134,774,141,799,2076,131,2071,,,,0.880447443099147,-0.7861075135570057,751,202,776,177,0.9397590361445783,24.900000000000013,799,134,-23.19638554216874,42.66626506024096,-900.0,1668.75,1939.0,662.0,25818.0,False,False,,,False,28,2021-04-18,both
H01CBA03P_102955,2,13306.25,25762.5,25,6993.75,6990.0,3.75,10,23.585814280753695,47.46131632441729,2.288278818130493,1,slide_placement,_doc,ItNm4ngB09L0ZGqtW8W_,1.0,134.0,2073.0,75621.0,True,25818.0,26013.0,132.0,112.0,799.0,774.0,True,True,True,-25.0,-20.0,-25.0,,,,,,,True,True,False,True,1.09,23.0,CS002,H01CBA03P,,CS002-2-1618671018120,3,8,2021-04-18T00:34:22,102955,,,,,,,,,,,,,,,,,,,112,134,774,141,799,2076,131,2071,,,,0.880447443099147,-0.7861075135570057,751,202,776,177,0.9397590361445783,24.900000000000013,799,134,-23.19638554216874,42.66626506024096,-900.0,1668.75,1939.0,662.0,25818.0,False,False,,,False,28,2021-04-18,both
H01CBA03P_102955,3,13262.5,22606.25,47,6990.0,6999.375,-9.375,28,34.1748250676354,60.18104747608461,1.5785720348358154,1,slide_placement,_doc,ItNm4ngB09L0ZGqtW8W_,1.0,134.0,2073.0,75621.0,True,25818.0,26013.0,132.0,112.0,799.0,774.0,True,True,True,-25.0,-20.0,-25.0,,,,,,,True,True,False,True,1.09,23.0,CS002,H01CBA03P,,CS002-2-1618671018120,3,8,2021-04-18T00:34:22,102955,,,,,,,,,,,,,,,,,,,112,134,774,141,799,2076,131,2071,,,,0.880447443099147,-0.7861075135570057,751,202,776,177,0.9397590361445783,24.900000000000013,799,134,-23.19638554216874,42.66626506024096,-900.0,1668.75,1939.0,662.0,25818.0,False,False,,,False,28,2021-04-18,both
H01CBA03P_102955,4,14825.0,54600.0,47,6963.75,6961.875,1.875,22,12.40456957313693,9.505735357991297,3.0707316398620605,1,slide_placement,_doc,ItNm4ngB09L0ZGqtW8W_,1.0,134.0,2073.0,75621.0,True,25818.0,26013.0,132.0,112.0,799.0,774.0,True,True,True,-25.0,-20.0,-25.0,,,,,,,True,True,False,True,1.09,23.0,CS002,H01CBA03P,,CS002-2-1618671018120,3,8,2021-04-18T00:34:22,102955,,,,,,,,,,,,,,,,,,,112,134,774,141,799,2076,131,2071,,,,0.880447443099147,-0.7861075135570057,751,202,776,177,0.9397590361445783,24.900000000000013,799,134,-23.19638554216874,42.66626506024096,-900.0,1668.75,1939.0,662.0,25818.0,False,False,,,False,28,2021-04-18,both
H01CBA03P_102957,0,18612.5,22400.0,25,6900.0,6903.75,-3.75,14,34.76776295692903,39.00739475171105,3.281256675720215,1,slide_placement,_doc,P9No4ngB09L0ZGqtS-By,1.0,136.0,2083.0,75933.0,True,25545.0,25818.0,131.0,130.0,793.0,785.0,True,True,True,-8.0,-1.0,-8.0,,,,,,,True,True,False,True,1.14,24.0,CS002,H01CBA03P,,CS002-2-1618671018120,3,9,2021-04-18T00:36:29,102957,,,,,,,,,,,,,,,,,,,130,136,785,133,793,2078,131,2083,,,,1.096060946402828,-0.2505137345568589,751,202,776,177,0.9397590361445783,24.900000000000013,793,133,-17.19638554216874,43.66626506024096,-668.75,1706.25,1947.0,655.0,25545.0,False,False,,,False,35,2021-04-18,both
H01CBA02P_102960,0,12843.75,24162.5,37,6570.0,6570.0,0.0,18,17.463693446017036,12.266386792460224,3.179054021835327,1,slide_placement,_doc,StNq4ngB09L0ZGqtJvs8,1.0,105.0,2037.0,75927.59999999999,True,24994.8,25505.699999999997,126.0,156.0,775.0,792.0,True,True,True,17.0,30.0,17.0,,,,,,,True,True,False,True,1.3,27.0,CS002,H01CBA02P,,CS002-1-1618671018118,3,19,2021-04-18T00:38:30,102960,,,,,,,,,,,,,,,,,,,156,103,792,238,775,2037,126,2028,,,,2.004654997788588,0.5323855109459381,752,193,771,175,0.9469879518072288,18.863636363636335,792,103,-21.208652792990165,71.08817086527932,-831.25,2800.0,1932.0,636.0,24994.8,False,False,,,False,64,2021-04-18,both
H01CBA02P_102960,1,13056.25,35131.25,37,6450.0,6461.25,-11.25,24,11.677334283677833,10.680689915342011,6.50283145904541,1,slide_placement,_doc,StNq4ngB09L0ZGqtJvs8,1.0,105.0,2037.0,75927.59999999999,True,24994.8,25505.699999999997,126.0,156.0,775.0,792.0,True,True,True,17.0,30.0,17.0,,,,,,,True,True,False,True,1.3,27.0,CS002,H01CBA02P,,CS002-1-1618671018118,3,19,2021-04-18T00:38:30,102960,,,,,,,,,,,,,,,,,,,156,103,792,238,775,2037,126,2028,,,,2.004654997788588,0.5323855109459381,752,193,771,175,0.9469879518072288,18.863636363636335,792,103,-21.208652792990165,71.08817086527932,-831.25,2800.0,1932.0,636.0,24994.8,False,False,,,False,64,2021-04-18,both
H01CBA02P_102960,3,17731.25,44750.0,69,6461.25,6436.875,24.375,21,9.573770491803279,13.320721482997707,2.4808082580566406,1,slide_placement,_doc,StNq4ngB09L0ZGqtJvs8,1.0,105.0,2037.0,75927.59999999999,True,24994.8,25505.699999999997,126.0,156.0,775.0,792.0,True,True,True,17.0,30.0,17.0,,,,,,,True,True,False,True,1.3,27.0,CS002,H01CBA02P,,CS002-1-1618671018118,3,19,2021-04-18T00:38:30,102960,,,,,,,,,,,,,,,,,,,156,103,792,238,775,2037,126,2028,,,,2.004654997788588,0.5323855109459381,752,193,771,175,0.9469879518072288,18.863636363636335,792,103,-21.208652792990165,71.08817086527932,-831.25,2800.0,1932.0,636.0,24994.8,False,False,,,False,64,2021-04-18,both
H01CBA03P_102959,0,15487.5,19075.0,25,6670.0,6666.25,3.75,10,21.260988358279878,7.1529113382101785,3.936835765838623,1,slide_placement,_doc,uNRs4ngB09L0ZGqt-SJ-,1.0,131.0,2072.0,75699.0,True,25194.0,25233.0,142.0,138.0,789.0,784.0,True,True,True,-5.0,-4.0,-5.0,,,,,,,True,True,False,True,1.46,30.0,CS002,H01CBA03P,,CS002-2-1618671018120,3,10,2021-04-18T00:41:35,102959,,,,,,,,,,,,,,,,,,,138,131,784,136,789,2073,142,2070,,,,1.350794471642427,-0.1570547713619048,751,202,776,177,0.9397590361445783,24.900000000000013,789,131,-13.196385542168741,45.66626506024096,-512.5,1781.25,1941.0,646.0,25194.0,False,False,,,False,43,2021-04-18,both
H01CBA03P_102959,1,9887.5,31875.0,25,6616.25,6621.875,-5.625,15,34.33004106845875,8.218610330769357,2.644454002380371,1,slide_placement,_doc,uNRs4ngB09L0ZGqt-SJ-,1.0,131.0,2072.0,75699.0,True,25194.0,25233.0,142.0,138.0,789.0,784.0,True,True,True,-5.0,-4.0,-5.0,,,,,,,True,True,False,True,1.46,30.0,CS002,H01CBA03P,,CS002-2-1618671018120,3,10,2021-04-18T00:41:35,102959,,,,,,,,,,,,,,,,,,,138,131,784,136,789,2073,142,2070,,,,1.350794471642427,-0.1570547713619048,751,202,776,177,0.9397590361445783,24.900000000000013,789,131,-13.196385542168741,45.66626506024096,-512.5,1781.25,1941.0,646.0,25194.0,False,False,,,False,43,2021-04-18,both
H01CBA03P_102961,0,15406.25,27425.0,25,6870.0,6870.0,0.0,12,29.444516851644437,24.39237003700414,3.230649471282959,1,slide_placement,_doc,_9Rw4ngB09L0ZGqtiEwB,1.0,134.0,2085.0,76089.0,True,25467.0,25545.0,131.0,122.0,786.0,775.0,True,True,True,-11.0,-9.0,-11.0,,,,,,,True,True,False,True,1.14,24.0,CS002,H01CBA03P,,CS002-2-1618671018120,3,11,2021-04-18T00:45:28,102961,,,,,,,,,,,,,,,,,,,122,132,775,134,786,2085,131,2081,,,,1.156325381457006,-0.3437511369584265,751,202,776,177,0.9397590361445783,24.900000000000013,786,132,-10.196385542168741,44.66626506024096,-393.75,1743.75,1951.0,653.0,25467.0,False,False,,,False,37,2021-04-18,both
H01CBA03P_102961,1,22031.25,18412.5,25,6830.0,6833.75,-3.75,14,19.359052031361365,8.599825646161902,2.1611735820770264,1,slide_placement,_doc,_9Rw4ngB09L0ZGqtiEwB,1.0,134.0,2085.0,76089.0,True,25467.0,25545.0,131.0,122.0,786.0,775.0,True,True,True,-11.0,-9.0,-11.0,,,,,,,True,True,False,True,1.14,24.0,CS002,H01CBA03P,,CS002-2-1618671018120,3,11,2021-04-18T00:45:28,102961,,,,,,,,,,,,,,,,,,,122,132,775,134,786,2085,131,2081,,,,1.156325381457006,-0.3437511369584265,751,202,776,177,0.9397590361445783,24.900000000000013,786,132,-10.196385542168741,44.66626506024096,-393.75,1743.75,1951.0,653.0,25467.0,False,False,,,False,37,2021-04-18,both
H01CBA03P_102961,2,19687.5,5656.25,25,7000.0,6994.375,5.625,9,15.180129880414983,10.844560454870042,4.860595226287842,1,slide_placement,_doc,_9Rw4ngB09L0ZGqtiEwB,1.0,134.0,2085.0,76089.0,True,25467.0,25545.0,131.0,122.0,786.0,775.0,True,True,True,-11.0,-9.0,-11.0,,,,,,,True,True,False,True,1.14,24.0,CS002,H01CBA03P,,CS002-2-1618671018120,3,11,2021-04-18T00:45:28,102961,,,,,,,,,,,,,,,,,,,122,132,775,134,786,2085,131,2081,,,,1.156325381457006,-0.3437511369584265,751,202,776,177,0.9397590361445783,24.900000000000013,786,132,-10.196385542168741,44.66626506024096,-393.75,1743.75,1951.0,653.0,25467.0,False,False,,,False,37,2021-04-18,both
H01CBA02P_102964,0,14237.5,42312.5,37,6390.0,6393.75,-3.75,20,41.815592437973045,18.0149506073939,4.360527753829956,1,slide_placement,_doc,WNRz4ngB09L0ZGqtS31n,1.0,94.0,2012.0,75377.4,True,25269.899999999998,25662.899999999998,122.0,125.0,775.0,768.0,True,True,True,-7.0,3.0,-7.0,,,,,,,True,True,False,True,1.25,26.0,CS002,H01CBA02P,,CS002-1-1618671018118,3,21,2021-04-18T00:48:30,102964,,,,,,,,,,,,,,,,,,,125,94,768,96,775,2013,120,2012,,,,1.8299170557272015,-0.22081506063750536,752,193,771,175,0.9469879518072288,18.863636363636335,775,94,-4.208652792990165,80.08817086527932,-162.5,3150.0,1918.0,643.0,25269.899999999998,False,False,,,False,58,2021-04-18,both
H01CBA02P_102964,1,12381.25,47481.25,37,6373.75,6373.75,0.0,18,32.13408682075824,23.962065240836914,2.044019937515259,1,slide_placement,_doc,WNRz4ngB09L0ZGqtS31n,1.0,94.0,2012.0,75377.4,True,25269.899999999998,25662.899999999998,122.0,125.0,775.0,768.0,True,True,True,-7.0,3.0,-7.0,,,,,,,True,True,False,True,1.25,26.0,CS002,H01CBA02P,,CS002-1-1618671018118,3,21,2021-04-18T00:48:30,102964,,,,,,,,,,,,,,,,,,,125,94,768,96,775,2013,120,2012,,,,1.8299170557272015,-0.22081506063750536,752,193,771,175,0.9469879518072288,18.863636363636335,775,94,-4.208652792990165,80.08817086527932,-162.5,3150.0,1918.0,643.0,25269.899999999998,False,False,,,False,58,2021-04-18,both
H01CBA02P_102964,2,22025.0,39118.75,37,6403.75,6416.875,-13.125,25,14.792164112615824,11.363434356449988,2.194056987762451,1,slide_placement,_doc,WNRz4ngB09L0ZGqtS31n,1.0,94.0,2012.0,75377.4,True,25269.899999999998,25662.899999999998,122.0,125.0,775.0,768.0,True,True,True,-7.0,3.0,-7.0,,,,,,,True,True,False,True,1.25,26.0,CS002,H01CBA02P,,CS002-1-1618671018118,3,21,2021-04-18T00:48:30,102964,,,,,,,,,,,,,,,,,,,125,94,768,96,775,2013,120,2012,,,,1.8299170557272015,-0.22081506063750536,752,193,771,175,0.9469879518072288,18.863636363636335,775,94,-4.208652792990165,80.08817086527932,-162.5,3150.0,1918.0,643.0,25269.899999999998,False,False,,,False,58,2021-04-18,both
H01CBA02P_102964,3,15287.5,37231.25,69,6393.75,6412.5,-18.75,44,40.688806299426396,19.31393658922184,2.2901787757873535,1,slide_placement,_doc,WNRz4ngB09L0ZGqtS31n,1.0,94.0,2012.0,75377.4,True,25269.899999999998,25662.899999999998,122.0,125.0,775.0,768.0,True,True,True,-7.0,3.0,-7.0,,,,,,,True,True,False,True,1.25,26.0,CS002,H01CBA02P,,CS002-1-1618671018118,3,21,2021-04-18T00:48:30,102964,,,,,,,,,,,,,,,,,,,125,94,768,96,775,2013,120,2012,,,,1.8299170557272015,-0.22081506063750536,752,193,771,175,0.9469879518072288,18.863636363636335,775,94,-4.208652792990165,80.08817086527932,-162.5,3150.0,1918.0,643.0,25269.899999999998,False,False,,,False,58,2021-04-18,both
H01CBA02P_102964,4,12506.25,31681.25,69,6412.5,6425.625,-13.125,41,30.24841326409395,27.61851740319726,2.12984037399292,1,slide_placement,_doc,WNRz4ngB09L0ZGqtS31n,1.0,94.0,2012.0,75377.4,True,25269.899999999998,25662.899999999998,122.0,125.0,775.0,768.0,True,True,True,-7.0,3.0,-7.0,,,,,,,True,True,False,True,1.25,26.0,CS002,H01CBA02P,,CS002-1-1618671018118,3,21,2021-04-18T00:48:30,102964,,,,,,,,,,,,,,,,,,,125,94,768,96,775,2013,120,2012,,,,1.8299170557272015,-0.22081506063750536,752,193,771,175,0.9469879518072288,18.863636363636335,775,94,-4.208652792990165,80.08817086527932,-162.5,3150.0,1918.0,643.0,25269.899999999998,False,False,,,False,58,2021-04-18,both
H01CBA02P_102964,5,14150.0,28575.0,69,6425.625,6436.875,-11.25,40,11.682624534727173,7.3788843536890605,1.9968585968017578,1,slide_placement,_doc,WNRz4ngB09L0ZGqtS31n,1.0,94.0,2012.0,75377.4,True,25269.899999999998,25662.899999999998,122.0,125.0,775.0,768.0,True,True,True,-7.0,3.0,-7.0,,,,,,,True,True,False,True,1.25,26.0,CS002,H01CBA02P,,CS002-1-1618671018118,3,21,2021-04-18T00:48:30,102964,,,,,,,,,,,,,,,,,,,125,94,768,96,775,2013,120,2012,,,,1.8299170557272015,-0.22081506063750536,752,193,771,175,0.9469879518072288,18.863636363636335,775,94,-4.208652792990165,80.08817086527932,-162.5,3150.0,1918.0,643.0,25269.899999999998,False,False,,,False,58,2021-04-18,both
H01CBA03P_102963,0,15200.0,31000.0,25,7000.0,7003.75,-3.75,14,49.331571801921065,23.016269524779148,3.0736634731292725,1,slide_placement,_doc,GtR14ngB09L0ZGqtgJuB,1.0,137.0,2078.0,75699.0,True,25740.0,25779.0,133.0,128.0,794.0,788.0,True,True,True,-6.0,-5.0,-6.0,,,,,,,True,True,False,True,1.09,23.0,CS002,H01CBA03P,,CS002-2-1618671018120,3,12,2021-04-18T00:50:54,102963,,,,,,,,,,,,,,,,,,,128,132,788,139,794,2079,133,2071,,,,0.9423699356693676,-0.18846582948100088,751,202,776,177,0.9397590361445783,24.900000000000013,794,132,-18.19638554216874,44.66626506024096,-706.25,1743.75,1941.0,660.0,25740.0,False,False,,,False,30,2021-04-18,both
H01CBA02P_102966,0,13056.25,26306.25,37,6580.0,6583.75,-3.75,20,19.39023521026372,7.685734799142135,3.1494040489196777,1,slide_placement,_doc,eNR24ngB09L0ZGqt8au-,1.0,94.0,2039.0,76438.5,True,23501.399999999998,25348.499999999996,120.0,191.0,765.0,789.0,True,True,True,24.0,71.0,24.0,,,,,,,True,True,False,True,1.2,25.0,CS002,H01CBA02P,,CS002-1-1618671018118,3,22,2021-04-18T00:52:29,102966,,,,,,,,,,,,,,,,,,,191,90,789,114,765,2039,120,1982,,,,3.112233406530953,0.7465898904610786,752,193,771,175,0.9469879518072288,18.863636363636335,789,90,-18.208652792990165,84.08817086527932,-712.5,3306.25,1945.0,598.0,23501.399999999998,False,False,,,False,100,2021-04-18,both
H01CBA02P_102966,3,15918.75,43487.5,69,6583.75,6602.5,-18.75,44,17.69172840306126,20.619073824423438,2.5865366458892822,1,slide_placement,_doc,eNR24ngB09L0ZGqt8au-,1.0,94.0,2039.0,76438.5,True,23501.399999999998,25348.499999999996,120.0,191.0,765.0,789.0,True,True,True,24.0,71.0,24.0,,,,,,,True,True,False,True,1.2,25.0,CS002,H01CBA02P,,CS002-1-1618671018118,3,22,2021-04-18T00:52:29,102966,,,,,,,,,,,,,,,,,,,191,90,789,114,765,2039,120,1982,,,,3.112233406530953,0.7465898904610786,752,193,771,175,0.9469879518072288,18.863636363636335,789,90,-18.208652792990165,84.08817086527932,-712.5,3306.25,1945.0,598.0,23501.399999999998,False,False,,,False,100,2021-04-18,both
H01CBA02P_102966,4,17350.0,40762.5,69,6602.5,6611.875,-9.375,39,8.72040072859745,8.182616233093748,2.0513668060302734,1,slide_placement,_doc,eNR24ngB09L0ZGqt8au-,1.0,94.0,2039.0,76438.5,True,23501.399999999998,25348.499999999996,120.0,191.0,765.0,789.0,True,True,True,24.0,71.0,24.0,,,,,,,True,True,False,True,1.2,25.0,CS002,H01CBA02P,,CS002-1-1618671018118,3,22,2021-04-18T00:52:29,102966,,,,,,,,,,,,,,,,,,,191,90,789,114,765,2039,120,1982,,,,3.112233406530953,0.7465898904610786,752,193,771,175,0.9469879518072288,18.863636363636335,789,90,-18.208652792990165,84.08817086527932,-712.5,3306.25,1945.0,598.0,23501.399999999998,False,False,,,False,100,2021-04-18,both
H01CBA02P_102966,5,26193.75,48156.25,69,6602.5,6598.75,3.75,32,8.610477548111191,7.758541864837401,2.2781004905700684,1,slide_placement,_doc,eNR24ngB09L0ZGqt8au-,1.0,94.0,2039.0,76438.5,True,23501.399999999998,25348.499999999996,120.0,191.0,765.0,789.0,True,True,True,24.0,71.0,24.0,,,,,,,True,True,False,True,1.2,25.0,CS002,H01CBA02P,,CS002-1-1618671018118,3,22,2021-04-18T00:52:29,102966,,,,,,,,,,,,,,,,,,,191,90,789,114,765,2039,120,1982,,,,3.112233406530953,0.7465898904610786,752,193,771,175,0.9469879518072288,18.863636363636335,789,90,-18.208652792990165,84.08817086527932,-712.5,3306.25,1945.0,598.0,23501.399999999998,False,False,,,False,100,2021-04-18,both
H01CBA03P_102965,0,14206.25,15956.25,25,6880.0,6881.875,-1.875,13,19.59966737942505,18.13642250467429,3.5977537631988525,1,slide_placement,_doc,tNR64ngB09L0ZGqtjNql,1.0,138.0,2075.0,75543.0,True,25467.0,25662.0,135.0,128.0,793.0,781.0,True,True,True,-12.0,-7.0,-12.0,,,,,,,True,True,False,True,1.09,23.0,CS002,H01CBA03P,,CS002-2-1618671018120,3,13,2021-04-18T00:56:25,102965,,,,,,,,,,,,,,,,,,,128,139,781,136,794,2071,135,2075,,,,1.164684068840788,-0.37771209600453837,751,202,776,177,0.9397590361445783,24.900000000000013,794,136,-18.19638554216874,40.66626506024096,-706.25,1587.5,1937.0,653.0,25467.0,False,False,,,False,37,2021-04-18,both
H01CBA02P_102968,0,18068.75,26181.25,37,6460.0,6461.875,-1.875,19,27.316698810671806,29.97712926355792,3.5598597526550293,1,slide_placement,_doc,ndR94ngB09L0ZGqtNP0e,1.0,95.0,2016.0,75495.29999999999,True,25269.899999999998,25466.399999999998,128.0,143.0,776.0,786.0,True,True,True,10.0,15.0,10.0,,,,,,,True,True,False,True,1.35,28.0,CS002,H01CBA02P,,CS002-1-1618671018118,3,23,2021-04-18T00:59:19,102968,,,,,,,,,,,,,,,,,,,143,95,787,106,777,2019,128,2015,,,,1.8270583289471705,0.3149582589862635,752,193,771,175,0.9469879518072288,18.863636363636335,787,95,-16.208652792990165,79.08817086527932,-631.25,3112.5,1920.0,643.0,25269.899999999998,False,False,,,False,58,2021-04-18,both
H01CBA02P_102968,1,17981.25,38450.0,37,6431.875,6431.875,0.0,18,43.81867087533516,33.74653279620803,2.4937520027160645,1,slide_placement,_doc,ndR94ngB09L0ZGqtNP0e,1.0,95.0,2016.0,75495.29999999999,True,25269.899999999998,25466.399999999998,128.0,143.0,776.0,786.0,True,True,True,10.0,15.0,10.0,,,,,,,True,True,False,True,1.35,28.0,CS002,H01CBA02P,,CS002-1-1618671018118,3,23,2021-04-18T00:59:19,102968,,,,,,,,,,,,,,,,,,,143,95,787,106,777,2019,128,2015,,,,1.8270583289471705,0.3149582589862635,752,193,771,175,0.9469879518072288,18.863636363636335,787,95,-16.208652792990165,79.08817086527932,-631.25,3112.5,1920.0,643.0,25269.899999999998,False,False,,,False,58,2021-04-18,both
H01CBA02P_102968,2,15962.5,50506.25,37,6401.875,6405.625,-3.75,20,46.38787971353901,32.894439676628124,2.413177013397217,1,slide_placement,_doc,ndR94ngB09L0ZGqtNP0e,1.0,95.0,2016.0,75495.29999999999,True,25269.899999999998,25466.399999999998,128.0,143.0,776.0,786.0,True,True,True,10.0,15.0,10.0,,,,,,,True,True,False,True,1.35,28.0,CS002,H01CBA02P,,CS002-1-1618671018118,3,23,2021-04-18T00:59:19,102968,,,,,,,,,,,,,,,,,,,143,95,787,106,777,2019,128,2015,,,,1.8270583289471705,0.3149582589862635,752,193,771,175,0.9469879518072288,18.863636363636335,787,95,-16.208652792990165,79.08817086527932,-631.25,3112.5,1920.0,643.0,25269.899999999998,False,False,,,False,58,2021-04-18,both
H01CBA02P_102968,3,15162.5,14243.75,69,6461.875,6471.25,-9.375,39,34.65340257271832,17.745927044816053,3.649599313735962,1,slide_placement,_doc,ndR94ngB09L0ZGqtNP0e,1.0,95.0,2016.0,75495.29999999999,True,25269.899999999998,25466.399999999998,128.0,143.0,776.0,786.0,True,True,True,10.0,15.0,10.0,,,,,,,True,True,False,True,1.35,28.0,CS002,H01CBA02P,,CS002-1-1618671018118,3,23,2021-04-18T00:59:19,102968,,,,,,,,,,,,,,,,,,,143,95,787,106,777,2019,128,2015,,,,1.8270583289471705,0.3149582589862635,752,193,771,175,0.9469879518072288,18.863636363636335,787,95,-16.208652792990165,79.08817086527932,-631.25,3112.5,1920.0,643.0,25269.899999999998,False,False,,,False,58,2021-04-18,both
H01CBA03P_102967,0,11450.0,35737.5,25,6820.0,6823.75,-3.75,14,45.95997013203,20.9041885481028,3.700249433517456,1,slide_placement,_doc,hNWA4ngB09L0ZGqtZi5K,1.0,134.0,2075.0,75699.0,True,25467.0,25467.0,147.0,128.0,800.0,781.0,True,True,True,-19.0,-19.0,-19.0,,,,,,,True,True,False,True,1.09,23.0,CS002,H01CBA03P,,CS002-2-1618671018120,3,14,2021-04-18T01:02:48,102967,,,,,,,,,,,,,,,,,,,128,131,781,134,801,2075,147,2069,,,,1.1622835659672652,-0.5968181764263253,751,202,776,177,0.9397590361445783,24.900000000000013,801,131,-25.19638554216874,45.66626506024096,-981.25,1781.25,1941.0,653.0,25467.0,False,False,,,False,37,2021-04-18,both
H01CBA03P_102967,1,10093.75,17125.0,25,6823.75,6821.875,1.875,11,47.14595594474426,18.368768140688548,2.63674259185791,1,slide_placement,_doc,hNWA4ngB09L0ZGqtZi5K,1.0,134.0,2075.0,75699.0,True,25467.0,25467.0,147.0,128.0,800.0,781.0,True,True,True,-19.0,-19.0,-19.0,,,,,,,True,True,False,True,1.09,23.0,CS002,H01CBA03P,,CS002-2-1618671018120,3,14,2021-04-18T01:02:48,102967,,,,,,,,,,,,,,,,,,,128,131,781,134,801,2075,147,2069,,,,1.1622835659672652,-0.5968181764263253,751,202,776,177,0.9397590361445783,24.900000000000013,801,131,-25.19638554216874,45.66626506024096,-981.25,1781.25,1941.0,653.0,25467.0,False,False,,,False,37,2021-04-18,both
H01CBA03P_102969,0,10381.25,26806.25,25,6730.0,6731.875,-1.875,13,9.902928069000772,16.454480624462885,3.5896480083465576,1,slide_placement,_doc,tdWI4ngB09L0ZGqta41z,1.0,132.0,2060.0,75192.0,True,25155.0,25233.0,150.0,145.0,797.0,790.0,True,True,True,-7.0,-5.0,-7.0,,,,,,,True,True,False,True,1.3,27.0,CS002,H01CBA03P,,CS002-2-1618671018120,3,15,2021-04-18T01:11:34,102969,,,,,,,,,,,,,,,,,,,145,132,790,143,797,2060,150,2054,,,,1.3915360593100587,-0.22135952435282422,751,202,776,177,0.9397590361445783,24.900000000000013,797,132,-21.19638554216874,44.66626506024096,-825.0,1743.75,1928.0,645.0,25155.0,False,False,,,False,44,2021-04-18,both
H01CBA02P_102974,0,13643.75,14206.25,37,6660.0,6661.875,-1.875,19,36.37246376811593,13.060147837945115,3.5702853202819824,1,slide_placement,_doc,ONWK4ngB09L0ZGqtMKXx,1.0,98.0,2034.0,76084.79999999999,True,25427.1,25387.8,122.0,123.0,768.0,770.0,True,True,True,2.0,1.0,2.0,,,,,,,True,True,False,True,1.14,24.0,CS002,H01CBA02P,,CS002-1-1618671018118,3,26,2021-04-18T01:13:30,102974,,,,,,,,,,,,,,,,,,,123,98,770,101,775,2035,122,2034,,,,1.6878327130379862,0.06250329425587635,752,193,771,175,0.9469879518072288,18.863636363636335,775,98,-4.208652792990165,76.08817086527932,-162.5,2993.75,1935.0,647.0,25427.1,False,False,,,False,54,2021-04-18,both
H01CBA02P_102974,1,22487.5,37231.25,37,6701.875,6703.75,-1.875,19,7.819909717272512,8.679242421249748,2.88177227973938,1,slide_placement,_doc,ONWK4ngB09L0ZGqtMKXx,1.0,98.0,2034.0,76084.79999999999,True,25427.1,25387.8,122.0,123.0,768.0,770.0,True,True,True,2.0,1.0,2.0,,,,,,,True,True,False,True,1.14,24.0,CS002,H01CBA02P,,CS002-1-1618671018118,3,26,2021-04-18T01:13:30,102974,,,,,,,,,,,,,,,,,,,123,98,770,101,775,2035,122,2034,,,,1.6878327130379862,0.06250329425587635,752,193,771,175,0.9469879518072288,18.863636363636335,775,98,-4.208652792990165,76.08817086527932,-162.5,2993.75,1935.0,647.0,25427.1,False,False,,,False,54,2021-04-18,both
H01CBA02P_102976,0,10868.75,37356.25,37,6550.0,6551.875,-1.875,19,38.45299507008791,16.549413106477832,3.6488163471221924,1,slide_placement,_doc,B9WO4ngB09L0ZGqtf9yL,1.0,90.0,2022.0,75927.59999999999,True,25623.6,25741.499999999996,102.0,120.0,757.0,772.0,True,True,True,15.0,18.0,15.0,,,,,,,True,True,False,True,1.25,26.0,CS002,H01CBA02P,,CS002-1-1618671018118,3,27,2021-04-18T01:18:12,102976,,,,,,,,,,,,,,,,,,,120,90,772,95,759,2025,102,2022,,,,1.5346843656928666,0.4697504244363371,752,193,771,175,0.9469879518072288,18.863636363636335,772,90,-1.208652792990165,84.08817086527932,-43.75,3306.25,1932.0,652.0,25623.6,False,False,,,False,49,2021-04-18,both
H01CBA02P_102976,1,10487.5,21012.5,37,6591.875,6591.875,0.0,18,46.000631300274925,19.133624076975497,2.413740873336792,1,slide_placement,_doc,B9WO4ngB09L0ZGqtf9yL,1.0,90.0,2022.0,75927.59999999999,True,25623.6,25741.499999999996,102.0,120.0,757.0,772.0,True,True,True,15.0,18.0,15.0,,,,,,,True,True,False,True,1.25,26.0,CS002,H01CBA02P,,CS002-1-1618671018118,3,27,2021-04-18T01:18:12,102976,,,,,,,,,,,,,,,,,,,120,90,772,95,759,2025,102,2022,,,,1.5346843656928666,0.4697504244363371,752,193,771,175,0.9469879518072288,18.863636363636335,772,90,-1.208652792990165,84.08817086527932,-43.75,3306.25,1932.0,652.0,25623.6,False,False,,,False,49,2021-04-18,both
H01CBA02P_102978,0,9350.0,20006.25,37,6610.0,6608.125,1.875,17,27.132297038558832,15.762893504279434,3.400726079940796,1,slide_placement,_doc,VtaU4ngB09L0ZGqtZQqR,1.0,92.0,2031.0,76202.7,True,25466.399999999998,25584.3,105.0,129.0,756.0,777.0,True,True,True,21.0,24.0,21.0,,,,,,,True,True,False,True,1.14,24.0,CS002,H01CBA02P,,CS002-1-1618671018118,3,28,2021-04-18T01:24:39,102978,,,,,,,,,,,,,,,,,,,129,92,777,98,756,2034,104,2031,,,,1.6540040204963151,0.6552833485002796,752,193,771,175,0.9469879518072288,18.863636363636335,777,92,-6.208652792990165,82.08817086527932,-243.75,3231.25,1939.0,648.0,25466.399999999998,False,False,,,False,53,2021-04-18,both
H01CBA02P_102978,1,22487.5,12018.75,37,6690.0,6690.0,0.0,18,13.161965855479753,13.161444163764514,4.654003858566284,1,slide_placement,_doc,VtaU4ngB09L0ZGqtZQqR,1.0,92.0,2031.0,76202.7,True,25466.399999999998,25584.3,105.0,129.0,756.0,777.0,True,True,True,21.0,24.0,21.0,,,,,,,True,True,False,True,1.14,24.0,CS002,H01CBA02P,,CS002-1-1618671018118,3,28,2021-04-18T01:24:39,102978,,,,,,,,,,,,,,,,,,,129,92,777,98,756,2034,104,2031,,,,1.6540040204963151,0.6552833485002796,752,193,771,175,0.9469879518072288,18.863636363636335,777,92,-6.208652792990165,82.08817086527932,-243.75,3231.25,1939.0,648.0,25466.399999999998,False,False,,,False,53,2021-04-18,both
H01CBA02P_102978,4,4256.25,50006.25,69,6608.125,6578.125,30.0,18,7.231884057971015,7.205722058404194,2.2808384895324707,1,slide_placement,_doc,VtaU4ngB09L0ZGqtZQqR,1.0,92.0,2031.0,76202.7,True,25466.399999999998,25584.3,105.0,129.0,756.0,777.0,True,True,True,21.0,24.0,21.0,,,,,,,True,True,False,True,1.14,24.0,CS002,H01CBA02P,,CS002-1-1618671018118,3,28,2021-04-18T01:24:39,102978,,,,,,,,,,,,,,,,,,,129,92,777,98,756,2034,104,2031,,,,1.6540040204963151,0.6552833485002796,752,193,771,175,0.9469879518072288,18.863636363636335,777,92,-6.208652792990165,82.08817086527932,-243.75,3231.25,1939.0,648.0,25466.399999999998,False,False,,,False,53,2021-04-18,both
H01CBA02P_102978,5,23075.0,51181.25,69,6578.125,6602.5,-24.375,47,7.162033737229746,7.6309521622493115,2.9126951694488525,1,slide_placement,_doc,VtaU4ngB09L0ZGqtZQqR,1.0,92.0,2031.0,76202.7,True,25466.399999999998,25584.3,105.0,129.0,756.0,777.0,True,True,True,21.0,24.0,21.0,,,,,,,True,True,False,True,1.14,24.0,CS002,H01CBA02P,,CS002-1-1618671018118,3,28,2021-04-18T01:24:39,102978,,,,,,,,,,,,,,,,,,,129,92,777,98,756,2034,104,2031,,,,1.6540040204963151,0.6552833485002796,752,193,771,175,0.9469879518072288,18.863636363636335,777,92,-6.208652792990165,82.08817086527932,-243.75,3231.25,1939.0,648.0,25466.399999999998,False,False,,,False,53,2021-04-18,both
H01CBA02P_102980,0,19037.5,19331.25,37,6600.0,6598.125,1.875,17,49.18287004038964,39.771593823832454,3.335977792739868,1,slide_placement,_doc,PtaZ4ngB09L0ZGqtyDYF,1.0,87.0,2031.0,76399.2,True,25544.999999999996,25702.199999999997,112.0,138.0,766.0,788.0,True,True,True,22.0,26.0,22.0,,,,,,,True,True,False,True,1.14,24.0,CS002,H01CBA02P,,CS002-1-1618671018118,3,29,2021-04-18T01:30:32,102980,,,,,,,,,,,,,,,,,,,138,87,788,95,766,2038,112,2027,,,,1.5874778009779649,0.68472303218881,752,193,771,175,0.9469879518072288,18.863636363636335,788,87,-17.208652792990165,87.08817086527932,-675.0,3425.0,1944.0,650.0,25544.999999999996,False,False,,,False,51,2021-04-18,both
H01CBA02P_102980,1,16675.0,30462.5,37,6608.125,6606.25,1.875,17,51.27589858466552,42.0876784207156,2.3076038360595703,1,slide_placement,_doc,PtaZ4ngB09L0ZGqtyDYF,1.0,87.0,2031.0,76399.2,True,25544.999999999996,25702.199999999997,112.0,138.0,766.0,788.0,True,True,True,22.0,26.0,22.0,,,,,,,True,True,False,True,1.14,24.0,CS002,H01CBA02P,,CS002-1-1618671018118,3,29,2021-04-18T01:30:32,102980,,,,,,,,,,,,,,,,,,,138,87,788,95,766,2038,112,2027,,,,1.5874778009779649,0.68472303218881,752,193,771,175,0.9469879518072288,18.863636363636335,788,87,-17.208652792990165,87.08817086527932,-675.0,3425.0,1944.0,650.0,25544.999999999996,False,False,,,False,51,2021-04-18,both
H01CBA02P_102980,2,7837.5,42775.0,37,6560.0,6558.125,1.875,17,38.89726775956285,30.070615149825763,5.2692718505859375,1,slide_placement,_doc,PtaZ4ngB09L0ZGqtyDYF,1.0,87.0,2031.0,76399.2,True,25544.999999999996,25702.199999999997,112.0,138.0,766.0,788.0,True,True,True,22.0,26.0,22.0,,,,,,,True,True,False,True,1.14,24.0,CS002,H01CBA02P,,CS002-1-1618671018118,3,29,2021-04-18T01:30:32,102980,,,,,,,,,,,,,,,,,,,138,87,788,95,766,2038,112,2027,,,,1.5874778009779649,0.68472303218881,752,193,771,175,0.9469879518072288,18.863636363636335,788,87,-17.208652792990165,87.08817086527932,-675.0,3425.0,1944.0,650.0,25544.999999999996,False,False,,,False,51,2021-04-18,both
H01CBA02P_102980,0,18275.0,22943.75,37,6630.0,6630.0,0.0,18,28.058544615280177,14.560140901052014,3.2544002532958984,1,slide_placement,_doc,PtaZ4ngB09L0ZGqtyDYF,1.0,87.0,2031.0,76399.2,True,25544.999999999996,25702.199999999997,112.0,138.0,766.0,788.0,True,True,True,22.0,26.0,22.0,,,,,,,True,True,False,True,1.14,24.0,CS002,H01CBA02P,,CS002-1-1618671018118,3,29,2021-04-18T01:30:32,102980,,,,,,,,,,,,,,,,,,,138,87,788,95,766,2038,112,2027,,,,1.5874778009779649,0.68472303218881,752,193,771,175,0.9469879518072288,18.863636363636335,788,87,-17.208652792990165,87.08817086527932,-675.0,3425.0,1944.0,650.0,25544.999999999996,False,False,,,False,51,2021-04-18,both
H01CBA02P_102980,1,19456.25,13656.25,37,6640.0,6641.875,-1.875,19,23.30349930421206,21.336869055783218,2.257174491882324,1,slide_placement,_doc,PtaZ4ngB09L0ZGqtyDYF,1.0,87.0,2031.0,76399.2,True,25544.999999999996,25702.199999999997,112.0,138.0,766.0,788.0,True,True,True,22.0,26.0,22.0,,,,,,,True,True,False,True,1.14,24.0,CS002,H01CBA02P,,CS002-1-1618671018118,3,29,2021-04-18T01:30:32,102980,,,,,,,,,,,,,,,,,,,138,87,788,95,766,2038,112,2027,,,,1.5874778009779649,0.68472303218881,752,193,771,175,0.9469879518072288,18.863636363636335,788,87,-17.208652792990165,87.08817086527932,-675.0,3425.0,1944.0,650.0,25544.999999999996,False,False,,,False,51,2021-04-18,both
H01CBA02P_102980,3,18700.0,36137.5,69,6630.0,6616.875,13.125,27,26.134134337983234,14.359478843032546,3.2404747009277344,1,slide_placement,_doc,PtaZ4ngB09L0ZGqtyDYF,1.0,87.0,2031.0,76399.2,True,25544.999999999996,25702.199999999997,112.0,138.0,766.0,788.0,True,True,True,22.0,26.0,22.0,,,,,,,True,True,False,True,1.14,24.0,CS002,H01CBA02P,,CS002-1-1618671018118,3,29,2021-04-18T01:30:32,102980,,,,,,,,,,,,,,,,,,,138,87,788,95,766,2038,112,2027,,,,1.5874778009779649,0.68472303218881,752,193,771,175,0.9469879518072288,18.863636363636335,788,87,-17.208652792990165,87.08817086527932,-675.0,3425.0,1944.0,650.0,25544.999999999996,False,False,,,False,51,2021-04-18,both
H01CBA02P_102980,0,18275.0,22943.75,37,6630.0,6630.0,0.0,18,28.058544615280177,14.560140901052014,3.2544002532958984,1,slide_placement,_doc,PtaZ4ngB09L0ZGqtyDYF,1.0,87.0,2031.0,76399.2,True,25544.999999999996,25702.199999999997,112.0,138.0,766.0,788.0,True,True,True,22.0,26.0,22.0,,,,,,,True,True,False,True,1.14,24.0,CS002,H01CBA02P,,CS002-1-1618671018118,3,29,2021-04-18T01:30:32,102980,,,,,,,,,,,,,,,,,,,138,87,788,95,766,2038,112,2027,,,,1.5874778009779649,0.68472303218881,752,193,771,175,0.9469879518072288,18.863636363636335,788,87,-17.208652792990165,87.08817086527932,-675.0,3425.0,1944.0,650.0,25544.999999999996,False,False,,,False,51,2021-04-18,both
H01CBA02P_102980,1,19456.25,13656.25,37,6640.0,6641.875,-1.875,19,23.30349930421206,21.336869055783218,2.257174491882324,1,slide_placement,_doc,PtaZ4ngB09L0ZGqtyDYF,1.0,87.0,2031.0,76399.2,True,25544.999999999996,25702.199999999997,112.0,138.0,766.0,788.0,True,True,True,22.0,26.0,22.0,,,,,,,True,True,False,True,1.14,24.0,CS002,H01CBA02P,,CS002-1-1618671018118,3,29,2021-04-18T01:30:32,102980,,,,,,,,,,,,,,,,,,,138,87,788,95,766,2038,112,2027,,,,1.5874778009779649,0.68472303218881,752,193,771,175,0.9469879518072288,18.863636363636335,788,87,-17.208652792990165,87.08817086527932,-675.0,3425.0,1944.0,650.0,25544.999999999996,False,False,,,False,51,2021-04-18,both
H01CBA02P_102980,3,18700.0,36137.5,69,6630.0,6616.875,13.125,27,26.134134337983234,14.359478843032546,3.2404747009277344,1,slide_placement,_doc,PtaZ4ngB09L0ZGqtyDYF,1.0,87.0,2031.0,76399.2,True,25544.999999999996,25702.199999999997,112.0,138.0,766.0,788.0,True,True,True,22.0,26.0,22.0,,,,,,,True,True,False,True,1.14,24.0,CS002,H01CBA02P,,CS002-1-1618671018118,3,29,2021-04-18T01:30:32,102980,,,,,,,,,,,,,,,,,,,138,87,788,95,766,2038,112,2027,,,,1.5874778009779649,0.68472303218881,752,193,771,175,0.9469879518072288,18.863636363636335,788,87,-17.208652792990165,87.08817086527932,-675.0,3425.0,1944.0,650.0,25544.999999999996,False,False,,,False,51,2021-04-18,both
H01CBA02P_102980,0,18275.0,22943.75,37,6630.0,6630.0,0.0,18,28.058544615280177,14.560140901052014,3.2544002532958984,1,slide_placement,_doc,PtaZ4ngB09L0ZGqtyDYF,1.0,87.0,2031.0,76399.2,True,25544.999999999996,25702.199999999997,112.0,138.0,766.0,788.0,True,True,True,22.0,26.0,22.0,,,,,,,True,True,False,True,1.14,24.0,CS002,H01CBA02P,,CS002-1-1618671018118,3,29,2021-04-18T01:30:32,102980,,,,,,,,,,,,,,,,,,,138,87,788,95,766,2038,112,2027,,,,1.5874778009779649,0.68472303218881,752,193,771,175,0.9469879518072288,18.863636363636335,788,87,-17.208652792990165,87.08817086527932,-675.0,3425.0,1944.0,650.0,25544.999999999996,False,False,,,False,51,2021-04-18,both
H01CBA02P_102980,1,19456.25,13656.25,37,6640.0,6641.875,-1.875,19,23.30349930421206,21.336869055783218,2.257174491882324,1,slide_placement,_doc,PtaZ4ngB09L0ZGqtyDYF,1.0,87.0,2031.0,76399.2,True,25544.999999999996,25702.199999999997,112.0,138.0,766.0,788.0,True,True,True,22.0,26.0,22.0,,,,,,,True,True,False,True,1.14,24.0,CS002,H01CBA02P,,CS002-1-1618671018118,3,29,2021-04-18T01:30:32,102980,,,,,,,,,,,,,,,,,,,138,87,788,95,766,2038,112,2027,,,,1.5874778009779649,0.68472303218881,752,193,771,175,0.9469879518072288,18.863636363636335,788,87,-17.208652792990165,87.08817086527932,-675.0,3425.0,1944.0,650.0,25544.999999999996,False,False,,,False,51,2021-04-18,both
H01CBA02P_102980,3,18700.0,36137.5,69,6630.0,6616.875,13.125,27,26.134134337983234,14.359478843032546,3.2404747009277344,1,slide_placement,_doc,PtaZ4ngB09L0ZGqtyDYF,1.0,87.0,2031.0,76399.2,True,25544.999999999996,25702.199999999997,112.0,138.0,766.0,788.0,True,True,True,22.0,26.0,22.0,,,,,,,True,True,False,True,1.14,24.0,CS002,H01CBA02P,,CS002-1-1618671018118,3,29,2021-04-18T01:30:32,102980,,,,,,,,,,,,,,,,,,,138,87,788,95,766,2038,112,2027,,,,1.5874778009779649,0.68472303218881,752,193,771,175,0.9469879518072288,18.863636363636335,788,87,-17.208652792990165,87.08817086527932,-675.0,3425.0,1944.0,650.0,25544.999999999996,False,False,,,False,51,2021-04-18,both
H01CBA02P_102980,0,18275.0,22943.75,37,6630.0,6630.0,0.0,18,28.058544615280177,14.560140901052014,3.2544002532958984,1,slide_placement,_doc,PtaZ4ngB09L0ZGqtyDYF,1.0,87.0,2031.0,76399.2,True,25544.999999999996,25702.199999999997,112.0,138.0,766.0,788.0,True,True,True,22.0,26.0,22.0,,,,,,,True,True,False,True,1.14,24.0,CS002,H01CBA02P,,CS002-1-1618671018118,3,29,2021-04-18T01:30:32,102980,,,,,,,,,,,,,,,,,,,138,87,788,95,766,2038,112,2027,,,,1.5874778009779649,0.68472303218881,752,193,771,175,0.9469879518072288,18.863636363636335,788,87,-17.208652792990165,87.08817086527932,-675.0,3425.0,1944.0,650.0,25544.999999999996,False,False,,,False,51,2021-04-18,both
H01CBA02P_102980,1,19456.25,13656.25,37,6640.0,6641.875,-1.875,19,23.30349930421206,21.336869055783218,2.257174491882324,1,slide_placement,_doc,PtaZ4ngB09L0ZGqtyDYF,1.0,87.0,2031.0,76399.2,True,25544.999999999996,25702.199999999997,112.0,138.0,766.0,788.0,True,True,True,22.0,26.0,22.0,,,,,,,True,True,False,True,1.14,24.0,CS002,H01CBA02P,,CS002-1-1618671018118,3,29,2021-04-18T01:30:32,102980,,,,,,,,,,,,,,,,,,,138,87,788,95,766,2038,112,2027,,,,1.5874778009779649,0.68472303218881,752,193,771,175,0.9469879518072288,18.863636363636335,788,87,-17.208652792990165,87.08817086527932,-675.0,3425.0,1944.0,650.0,25544.999999999996,False,False,,,False,51,2021-04-18,both
H01CBA02P_102980,3,18700.0,36137.5,69,6630.0,6616.875,13.125,27,26.134134337983234,14.359478843032546,3.2404747009277344,1,slide_placement,_doc,PtaZ4ngB09L0ZGqtyDYF,1.0,87.0,2031.0,76399.2,True,25544.999999999996,25702.199999999997,112.0,138.0,766.0,788.0,True,True,True,22.0,26.0,22.0,,,,,,,True,True,False,True,1.14,24.0,CS002,H01CBA02P,,CS002-1-1618671018118,3,29,2021-04-18T01:30:32,102980,,,,,,,,,,,,,,,,,,,138,87,788,95,766,2038,112,2027,,,,1.5874778009779649,0.68472303218881,752,193,771,175,0.9469879518072288,18.863636363636335,788,87,-17.208652792990165,87.08817086527932,-675.0,3425.0,1944.0,650.0,25544.999999999996,False,False,,,False,51,2021-04-18,both
H01CBA02P_102980,0,18275.0,22943.75,37,6630.0,6630.0,0.0,18,28.058544615280177,14.560140901052014,3.2544002532958984,1,slide_placement,_doc,PtaZ4ngB09L0ZGqtyDYF,1.0,87.0,2031.0,76399.2,True,25544.999999999996,25702.199999999997,112.0,138.0,766.0,788.0,True,True,True,22.0,26.0,22.0,,,,,,,True,True,False,True,1.14,24.0,CS002,H01CBA02P,,CS002-1-1618671018118,3,29,2021-04-18T01:30:32,102980,,,,,,,,,,,,,,,,,,,138,87,788,95,766,2038,112,2027,,,,1.5874778009779649,0.68472303218881,752,193,771,175,0.9469879518072288,18.863636363636335,788,87,-17.208652792990165,87.08817086527932,-675.0,3425.0,1944.0,650.0,25544.999999999996,False,False,,,False,51,2021-04-18,both
H01CBA02P_102980,1,19456.25,13656.25,37,6640.0,6641.875,-1.875,19,23.30349930421206,21.336869055783218,2.257174491882324,1,slide_placement,_doc,PtaZ4ngB09L0ZGqtyDYF,1.0,87.0,2031.0,76399.2,True,25544.999999999996,25702.199999999997,112.0,138.0,766.0,788.0,True,True,True,22.0,26.0,22.0,,,,,,,True,True,False,True,1.14,24.0,CS002,H01CBA02P,,CS002-1-1618671018118,3,29,2021-04-18T01:30:32,102980,,,,,,,,,,,,,,,,,,,138,87,788,95,766,2038,112,2027,,,,1.5874778009779649,0.68472303218881,752,193,771,175,0.9469879518072288,18.863636363636335,788,87,-17.208652792990165,87.08817086527932,-675.0,3425.0,1944.0,650.0,25544.999999999996,False,False,,,False,51,2021-04-18,both
H01CBA02P_102980,3,18700.0,36137.5,69,6630.0,6616.875,13.125,27,26.134134337983234,14.359478843032546,3.2404747009277344,1,slide_placement,_doc,PtaZ4ngB09L0ZGqtyDYF,1.0,87.0,2031.0,76399.2,True,25544.999999999996,25702.199999999997,112.0,138.0,766.0,788.0,True,True,True,22.0,26.0,22.0,,,,,,,True,True,False,True,1.14,24.0,CS002,H01CBA02P,,CS002-1-1618671018118,3,29,2021-04-18T01:30:32,102980,,,,,,,,,,,,,,,,,,,138,87,788,95,766,2038,112,2027,,,,1.5874778009779649,0.68472303218881,752,193,771,175,0.9469879518072288,18.863636363636335,788,87,-17.208652792990165,87.08817086527932,-675.0,3425.0,1944.0,650.0,25544.999999999996,False,False,,,False,51,2021-04-18,both
H01CBA02P_102980,0,18275.0,22943.75,37,6630.0,6630.0,0.0,18,28.058544615280177,14.560140901052014,3.2544002532958984,1,slide_placement,_doc,PtaZ4ngB09L0ZGqtyDYF,1.0,87.0,2031.0,76399.2,True,25544.999999999996,25702.199999999997,112.0,138.0,766.0,788.0,True,True,True,22.0,26.0,22.0,,,,,,,True,True,False,True,1.14,24.0,CS002,H01CBA02P,,CS002-1-1618671018118,3,29,2021-04-18T01:30:32,102980,,,,,,,,,,,,,,,,,,,138,87,788,95,766,2038,112,2027,,,,1.5874778009779649,0.68472303218881,752,193,771,175,0.9469879518072288,18.863636363636335,788,87,-17.208652792990165,87.08817086527932,-675.0,3425.0,1944.0,650.0,25544.999999999996,False,False,,,False,51,2021-04-18,both
H01CBA02P_102980,1,19456.25,13656.25,37,6640.0,6641.875,-1.875,19,23.30349930421206,21.336869055783218,2.257174491882324,1,slide_placement,_doc,PtaZ4ngB09L0ZGqtyDYF,1.0,87.0,2031.0,76399.2,True,25544.999999999996,25702.199999999997,112.0,138.0,766.0,788.0,True,True,True,22.0,26.0,22.0,,,,,,,True,True,False,True,1.14,24.0,CS002,H01CBA02P,,CS002-1-1618671018118,3,29,2021-04-18T01:30:32,102980,,,,,,,,,,,,,,,,,,,138,87,788,95,766,2038,112,2027,,,,1.5874778009779649,0.68472303218881,752,193,771,175,0.9469879518072288,18.863636363636335,788,87,-17.208652792990165,87.08817086527932,-675.0,3425.0,1944.0,650.0,25544.999999999996,False,False,,,False,51,2021-04-18,both
H01CBA02P_102980,3,18700.0,36137.5,69,6630.0,6616.875,13.125,27,26.134134337983234,14.359478843032546,3.2404747009277344,1,slide_placement,_doc,PtaZ4ngB09L0ZGqtyDYF,1.0,87.0,2031.0,76399.2,True,25544.999999999996,25702.199999999997,112.0,138.0,766.0,788.0,True,True,True,22.0,26.0,22.0,,,,,,,True,True,False,True,1.14,24.0,CS002,H01CBA02P,,CS002-1-1618671018118,3,29,2021-04-18T01:30:32,102980,,,,,,,,,,,,,,,,,,,138,87,788,95,766,2038,112,2027,,,,1.5874778009779649,0.68472303218881,752,193,771,175,0.9469879518072288,18.863636363636335,788,87,-17.208652792990165,87.08817086527932,-675.0,3425.0,1944.0,650.0,25544.999999999996,False,False,,,False,51,2021-04-18,both
H01CBA02P_102980,0,18275.0,22943.75,37,6630.0,6630.0,0.0,18,28.058544615280177,14.560140901052014,3.2544002532958984,1,slide_placement,_doc,PtaZ4ngB09L0ZGqtyDYF,1.0,87.0,2031.0,76399.2,True,25544.999999999996,25702.199999999997,112.0,138.0,766.0,788.0,True,True,True,22.0,26.0,22.0,,,,,,,True,True,False,True,1.14,24.0,CS002,H01CBA02P,,CS002-1-1618671018118,3,29,2021-04-18T01:30:32,102980,,,,,,,,,,,,,,,,,,,138,87,788,95,766,2038,112,2027,,,,1.5874778009779649,0.68472303218881,752,193,771,175,0.9469879518072288,18.863636363636335,788,87,-17.208652792990165,87.08817086527932,-675.0,3425.0,1944.0,650.0,25544.999999999996,False,False,,,False,51,2021-04-18,both
H01CBA02P_102980,1,19456.25,13656.25,37,6640.0,6641.875,-1.875,19,23.30349930421206,21.336869055783218,2.257174491882324,1,slide_placement,_doc,PtaZ4ngB09L0ZGqtyDYF,1.0,87.0,2031.0,76399.2,True,25544.999999999996,25702.199999999997,112.0,138.0,766.0,788.0,True,True,True,22.0,26.0,22.0,,,,,,,True,True,False,True,1.14,24.0,CS002,H01CBA02P,,CS002-1-1618671018118,3,29,2021-04-18T01:30:32,102980,,,,,,,,,,,,,,,,,,,138,87,788,95,766,2038,112,2027,,,,1.5874778009779649,0.68472303218881,752,193,771,175,0.9469879518072288,18.863636363636335,788,87,-17.208652792990165,87.08817086527932,-675.0,3425.0,1944.0,650.0,25544.999999999996,False,False,,,False,51,2021-04-18,both
H01CBA02P_102980,3,18700.0,36137.5,69,6630.0,6616.875,13.125,27,26.134134337983234,14.359478843032546,3.2404747009277344,1,slide_placement,_doc,PtaZ4ngB09L0ZGqtyDYF,1.0,87.0,2031.0,76399.2,True,25544.999999999996,25702.199999999997,112.0,138.0,766.0,788.0,True,True,True,22.0,26.0,22.0,,,,,,,True,True,False,True,1.14,24.0,CS002,H01CBA02P,,CS002-1-1618671018118,3,29,2021-04-18T01:30:32,102980,,,,,,,,,,,,,,,,,,,138,87,788,95,766,2038,112,2027,,,,1.5874778009779649,0.68472303218881,752,193,771,175,0.9469879518072288,18.863636363636335,788,87,-17.208652792990165,87.08817086527932,-675.0,3425.0,1944.0,650.0,25544.999999999996,False,False,,,False,51,2021-04-18,both
H01CBA02P_102980,0,18275.0,22943.75,37,6630.0,6630.0,0.0,18,28.058544615280177,14.560140901052014,3.2544002532958984,1,slide_placement,_doc,PtaZ4ngB09L0ZGqtyDYF,1.0,87.0,2031.0,76399.2,True,25544.999999999996,25702.199999999997,112.0,138.0,766.0,788.0,True,True,True,22.0,26.0,22.0,,,,,,,True,True,False,True,1.14,24.0,CS002,H01CBA02P,,CS002-1-1618671018118,3,29,2021-04-18T01:30:32,102980,,,,,,,,,,,,,,,,,,,138,87,788,95,766,2038,112,2027,,,,1.5874778009779649,0.68472303218881,752,193,771,175,0.9469879518072288,18.863636363636335,788,87,-17.208652792990165,87.08817086527932,-675.0,3425.0,1944.0,650.0,25544.999999999996,False,False,,,False,51,2021-04-18,both
H01CBA02P_102980,1,19456.25,13656.25,37,6640.0,6641.875,-1.875,19,23.30349930421206,21.336869055783218,2.257174491882324,1,slide_placement,_doc,PtaZ4ngB09L0ZGqtyDYF,1.0,87.0,2031.0,76399.2,True,25544.999999999996,25702.199999999997,112.0,138.0,766.0,788.0,True,True,True,22.0,26.0,22.0,,,,,,,True,True,False,True,1.14,24.0,CS002,H01CBA02P,,CS002-1-1618671018118,3,29,2021-04-18T01:30:32,102980,,,,,,,,,,,,,,,,,,,138,87,788,95,766,2038,112,2027,,,,1.5874778009779649,0.68472303218881,752,193,771,175,0.9469879518072288,18.863636363636335,788,87,-17.208652792990165,87.08817086527932,-675.0,3425.0,1944.0,650.0,25544.999999999996,False,False,,,False,51,2021-04-18,both
H01CBA02P_102980,3,18700.0,36137.5,69,6630.0,6616.875,13.125,27,26.134134337983234,14.359478843032546,3.2404747009277344,1,slide_placement,_doc,PtaZ4ngB09L0ZGqtyDYF,1.0,87.0,2031.0,76399.2,True,25544.999999999996,25702.199999999997,112.0,138.0,766.0,788.0,True,True,True,22.0,26.0,22.0,,,,,,,True,True,False,True,1.14,24.0,CS002,H01CBA02P,,CS002-1-1618671018118,3,29,2021-04-18T01:30:32,102980,,,,,,,,,,,,,,,,,,,138,87,788,95,766,2038,112,2027,,,,1.5874778009779649,0.68472303218881,752,193,771,175,0.9469879518072288,18.863636363636335,788,87,-17.208652792990165,87.08817086527932,-675.0,3425.0,1944.0,650.0,25544.999999999996,False,False,,,False,51,2021-04-18,both
H01CBA02P_102980,0,18275.0,22943.75,37,6630.0,6630.0,0.0,18,28.058544615280177,14.560140901052014,3.2544002532958984,1,slide_placement,_doc,PtaZ4ngB09L0ZGqtyDYF,1.0,87.0,2031.0,76399.2,True,25544.999999999996,25702.199999999997,112.0,138.0,766.0,788.0,True,True,True,22.0,26.0,22.0,,,,,,,True,True,False,True,1.14,24.0,CS002,H01CBA02P,,CS002-1-1618671018118,3,29,2021-04-18T01:30:32,102980,,,,,,,,,,,,,,,,,,,138,87,788,95,766,2038,112,2027,,,,1.5874778009779649,0.68472303218881,752,193,771,175,0.9469879518072288,18.863636363636335,788,87,-17.208652792990165,87.08817086527932,-675.0,3425.0,1944.0,650.0,25544.999999999996,False,False,,,False,51,2021-04-18,both
H01CBA02P_102980,1,19456.25,13656.25,37,6640.0,6641.875,-1.875,19,23.30349930421206,21.336869055783218,2.257174491882324,1,slide_placement,_doc,PtaZ4ngB09L0ZGqtyDYF,1.0,87.0,2031.0,76399.2,True,25544.999999999996,25702.199999999997,112.0,138.0,766.0,788.0,True,True,True,22.0,26.0,22.0,,,,,,,True,True,False,True,1.14,24.0,CS002,H01CBA02P,,CS002-1-1618671018118,3,29,2021-04-18T01:30:32,102980,,,,,,,,,,,,,,,,,,,138,87,788,95,766,2038,112,2027,,,,1.5874778009779649,0.68472303218881,752,193,771,175,0.9469879518072288,18.863636363636335,788,87,-17.208652792990165,87.08817086527932,-675.0,3425.0,1944.0,650.0,25544.999999999996,False,False,,,False,51,2021-04-18,both
H01CBA02P_102980,3,18700.0,36137.5,69,6630.0,6616.875,13.125,27,26.134134337983234,14.359478843032546,3.2404747009277344,1,slide_placement,_doc,PtaZ4ngB09L0ZGqtyDYF,1.0,87.0,2031.0,76399.2,True,25544.999999999996,25702.199999999997,112.0,138.0,766.0,788.0,True,True,True,22.0,26.0,22.0,,,,,,,True,True,False,True,1.14,24.0,CS002,H01CBA02P,,CS002-1-1618671018118,3,29,2021-04-18T01:30:32,102980,,,,,,,,,,,,,,,,,,,138,87,788,95,766,2038,112,2027,,,,1.5874778009779649,0.68472303218881,752,193,771,175,0.9469879518072288,18.863636363636335,788,87,-17.208652792990165,87.08817086527932,-675.0,3425.0,1944.0,650.0,25544.999999999996,False,False,,,False,51,2021-04-18,both
H01CBA02P_102980,0,18275.0,22943.75,37,6630.0,6630.0,0.0,18,28.058544615280177,14.560140901052014,3.2544002532958984,1,slide_placement,_doc,PtaZ4ngB09L0ZGqtyDYF,1.0,87.0,2031.0,76399.2,True,25544.999999999996,25702.199999999997,112.0,138.0,766.0,788.0,True,True,True,22.0,26.0,22.0,,,,,,,True,True,False,True,1.14,24.0,CS002,H01CBA02P,,CS002-1-1618671018118,3,29,2021-04-18T01:30:32,102980,,,,,,,,,,,,,,,,,,,138,87,788,95,766,2038,112,2027,,,,1.5874778009779649,0.68472303218881,752,193,771,175,0.9469879518072288,18.863636363636335,788,87,-17.208652792990165,87.08817086527932,-675.0,3425.0,1944.0,650.0,25544.999999999996,False,False,,,False,51,2021-04-18,both
H01CBA02P_102980,1,19456.25,13656.25,37,6640.0,6641.875,-1.875,19,23.30349930421206,21.336869055783218,2.257174491882324,1,slide_placement,_doc,PtaZ4ngB09L0ZGqtyDYF,1.0,87.0,2031.0,76399.2,True,25544.999999999996,25702.199999999997,112.0,138.0,766.0,788.0,True,True,True,22.0,26.0,22.0,,,,,,,True,True,False,True,1.14,24.0,CS002,H01CBA02P,,CS002-1-1618671018118,3,29,2021-04-18T01:30:32,102980,,,,,,,,,,,,,,,,,,,138,87,788,95,766,2038,112,2027,,,,1.5874778009779649,0.68472303218881,752,193,771,175,0.9469879518072288,18.863636363636335,788,87,-17.208652792990165,87.08817086527932,-675.0,3425.0,1944.0,650.0,25544.999999999996,False,False,,,False,51,2021-04-18,both
H01CBA02P_102980,3,18700.0,36137.5,69,6630.0,6616.875,13.125,27,26.134134337983234,14.359478843032546,3.2404747009277344,1,slide_placement,_doc,PtaZ4ngB09L0ZGqtyDYF,1.0,87.0,2031.0,76399.2,True,25544.999999999996,25702.199999999997,112.0,138.0,766.0,788.0,True,True,True,22.0,26.0,22.0,,,,,,,True,True,False,True,1.14,24.0,CS002,H01CBA02P,,CS002-1-1618671018118,3,29,2021-04-18T01:30:32,102980,,,,,,,,,,,,,,,,,,,138,87,788,95,766,2038,112,2027,,,,1.5874778009779649,0.68472303218881,752,193,771,175,0.9469879518072288,18.863636363636335,788,87,-17.208652792990165,87.08817086527932,-675.0,3425.0,1944.0,650.0,25544.999999999996,False,False,,,False,51,2021-04-18,both
H01CBA02P_102980,0,18275.0,22943.75,37,6630.0,6630.0,0.0,18,28.058544615280177,14.560140901052014,3.2544002532958984,1,slide_placement,_doc,PtaZ4ngB09L0ZGqtyDYF,1.0,87.0,2031.0,76399.2,True,25544.999999999996,25702.199999999997,112.0,138.0,766.0,788.0,True,True,True,22.0,26.0,22.0,,,,,,,True,True,False,True,1.14,24.0,CS002,H01CBA02P,,CS002-1-1618671018118,3,29,2021-04-18T01:30:32,102980,,,,,,,,,,,,,,,,,,,138,87,788,95,766,2038,112,2027,,,,1.5874778009779649,0.68472303218881,752,193,771,175,0.9469879518072288,18.863636363636335,788,87,-17.208652792990165,87.08817086527932,-675.0,3425.0,1944.0,650.0,25544.999999999996,False,False,,,False,51,2021-04-18,both
H01CBA02P_102980,1,19456.25,13656.25,37,6640.0,6641.875,-1.875,19,23.30349930421206,21.336869055783218,2.257174491882324,1,slide_placement,_doc,PtaZ4ngB09L0ZGqtyDYF,1.0,87.0,2031.0,76399.2,True,25544.999999999996,25702.199999999997,112.0,138.0,766.0,788.0,True,True,True,22.0,26.0,22.0,,,,,,,True,True,False,True,1.14,24.0,CS002,H01CBA02P,,CS002-1-1618671018118,3,29,2021-04-18T01:30:32,102980,,,,,,,,,,,,,,,,,,,138,87,788,95,766,2038,112,2027,,,,1.5874778009779649,0.68472303218881,752,193,771,175,0.9469879518072288,18.863636363636335,788,87,-17.208652792990165,87.08817086527932,-675.0,3425.0,1944.0,650.0,25544.999999999996,False,False,,,False,51,2021-04-18,both
H01CBA02P_102980,3,18700.0,36137.5,69,6630.0,6616.875,13.125,27,26.134134337983234,14.359478843032546,3.2404747009277344,1,slide_placement,_doc,PtaZ4ngB09L0ZGqtyDYF,1.0,87.0,2031.0,76399.2,True,25544.999999999996,25702.199999999997,112.0,138.0,766.0,788.0,True,True,True,22.0,26.0,22.0,,,,,,,True,True,False,True,1.14,24.0,CS002,H01CBA02P,,CS002-1-1618671018118,3,29,2021-04-18T01:30:32,102980,,,,,,,,,,,,,,,,,,,138,87,788,95,766,2038,112,2027,,,,1.5874778009779649,0.68472303218881,752,193,771,175,0.9469879518072288,18.863636363636335,788,87,-17.208652792990165,87.08817086527932,-675.0,3425.0,1944.0,650.0,25544.999999999996,False,False,,,False,51,2021-04-18,both
H01CBA02P_102980,0,18275.0,22943.75,37,6630.0,6630.0,0.0,18,28.058544615280177,14.560140901052014,3.2544002532958984,1,slide_placement,_doc,PtaZ4ngB09L0ZGqtyDYF,1.0,87.0,2031.0,76399.2,True,25544.999999999996,25702.199999999997,112.0,138.0,766.0,788.0,True,True,True,22.0,26.0,22.0,,,,,,,True,True,False,True,1.14,24.0,CS002,H01CBA02P,,CS002-1-1618671018118,3,29,2021-04-18T01:30:32,102980,,,,,,,,,,,,,,,,,,,138,87,788,95,766,2038,112,2027,,,,1.5874778009779649,0.68472303218881,752,193,771,175,0.9469879518072288,18.863636363636335,788,87,-17.208652792990165,87.08817086527932,-675.0,3425.0,1944.0,650.0,25544.999999999996,False,False,,,False,51,2021-04-18,both
H01CBA02P_102980,1,19456.25,13656.25,37,6640.0,6641.875,-1.875,19,23.30349930421206,21.336869055783218,2.257174491882324,1,slide_placement,_doc,PtaZ4ngB09L0ZGqtyDYF,1.0,87.0,2031.0,76399.2,True,25544.999999999996,25702.199999999997,112.0,138.0,766.0,788.0,True,True,True,22.0,26.0,22.0,,,,,,,True,True,False,True,1.14,24.0,CS002,H01CBA02P,,CS002-1-1618671018118,3,29,2021-04-18T01:30:32,102980,,,,,,,,,,,,,,,,,,,138,87,788,95,766,2038,112,2027,,,,1.5874778009779649,0.68472303218881,752,193,771,175,0.9469879518072288,18.863636363636335,788,87,-17.208652792990165,87.08817086527932,-675.0,3425.0,1944.0,650.0,25544.999999999996,False,False,,,False,51,2021-04-18,both
H01CBA02P_102980,3,18700.0,36137.5,69,6630.0,6616.875,13.125,27,26.134134337983234,14.359478843032546,3.2404747009277344,1,slide_placement,_doc,PtaZ4ngB09L0ZGqtyDYF,1.0,87.0,2031.0,76399.2,True,25544.999999999996,25702.199999999997,112.0,138.0,766.0,788.0,True,True,True,22.0,26.0,22.0,,,,,,,True,True,False,True,1.14,24.0,CS002,H01CBA02P,,CS002-1-1618671018118,3,29,2021-04-18T01:30:32,102980,,,,,,,,,,,,,,,,,,,138,87,788,95,766,2038,112,2027,,,,1.5874778009779649,0.68472303218881,752,193,771,175,0.9469879518072288,18.863636363636335,788,87,-17.208652792990165,87.08817086527932,-675.0,3425.0,1944.0,650.0,25544.999999999996,False,False,,,False,51,2021-04-18,both
H01CBA02P_102980,0,18275.0,22943.75,37,6630.0,6630.0,0.0,18,28.058544615280177,14.560140901052014,3.2544002532958984,1,slide_placement,_doc,PtaZ4ngB09L0ZGqtyDYF,1.0,87.0,2031.0,76399.2,True,25544.999999999996,25702.199999999997,112.0,138.0,766.0,788.0,True,True,True,22.0,26.0,22.0,,,,,,,True,True,False,True,1.14,24.0,CS002,H01CBA02P,,CS002-1-1618671018118,3,29,2021-04-18T01:30:32,102980,,,,,,,,,,,,,,,,,,,138,87,788,95,766,2038,112,2027,,,,1.5874778009779649,0.68472303218881,752,193,771,175,0.9469879518072288,18.863636363636335,788,87,-17.208652792990165,87.08817086527932,-675.0,3425.0,1944.0,650.0,25544.999999999996,False,False,,,False,51,2021-04-18,both
H01CBA02P_102980,1,19456.25,13656.25,37,6640.0,6641.875,-1.875,19,23.30349930421206,21.336869055783218,2.257174491882324,1,slide_placement,_doc,PtaZ4ngB09L0ZGqtyDYF,1.0,87.0,2031.0,76399.2,True,25544.999999999996,25702.199999999997,112.0,138.0,766.0,788.0,True,True,True,22.0,26.0,22.0,,,,,,,True,True,False,True,1.14,24.0,CS002,H01CBA02P,,CS002-1-1618671018118,3,29,2021-04-18T01:30:32,102980,,,,,,,,,,,,,,,,,,,138,87,788,95,766,2038,112,2027,,,,1.5874778009779649,0.68472303218881,752,193,771,175,0.9469879518072288,18.863636363636335,788,87,-17.208652792990165,87.08817086527932,-675.0,3425.0,1944.0,650.0,25544.999999999996,False,False,,,False,51,2021-04-18,both
H01CBA02P_102980,3,18700.0,36137.5,69,6630.0,6616.875,13.125,27,26.134134337983234,14.359478843032546,3.2404747009277344,1,slide_placement,_doc,PtaZ4ngB09L0ZGqtyDYF,1.0,87.0,2031.0,76399.2,True,25544.999999999996,25702.199999999997,112.0,138.0,766.0,788.0,True,True,True,22.0,26.0,22.0,,,,,,,True,True,False,True,1.14,24.0,CS002,H01CBA02P,,CS002-1-1618671018118,3,29,2021-04-18T01:30:32,102980,,,,,,,,,,,,,,,,,,,138,87,788,95,766,2038,112,2027,,,,1.5874778009779649,0.68472303218881,752,193,771,175,0.9469879518072288,18.863636363636335,788,87,-17.208652792990165,87.08817086527932,-675.0,3425.0,1944.0,650.0,25544.999999999996,False,False,,,False,51,2021-04-18,both
H01CBA02P_102980,0,18275.0,22943.75,37,6630.0,6630.0,0.0,18,28.058544615280177,14.560140901052014,3.2544002532958984,1,slide_placement,_doc,PtaZ4ngB09L0ZGqtyDYF,1.0,87.0,2031.0,76399.2,True,25544.999999999996,25702.199999999997,112.0,138.0,766.0,788.0,True,True,True,22.0,26.0,22.0,,,,,,,True,True,False,True,1.14,24.0,CS002,H01CBA02P,,CS002-1-1618671018118,3,29,2021-04-18T01:30:32,102980,,,,,,,,,,,,,,,,,,,138,87,788,95,766,2038,112,2027,,,,1.5874778009779649,0.68472303218881,752,193,771,175,0.9469879518072288,18.863636363636335,788,87,-17.208652792990165,87.08817086527932,-675.0,3425.0,1944.0,650.0,25544.999999999996,False,False,,,False,51,2021-04-18,both
H01CBA02P_102980,1,19456.25,13656.25,37,6640.0,6641.875,-1.875,19,23.30349930421206,21.336869055783218,2.257174491882324,1,slide_placement,_doc,PtaZ4ngB09L0ZGqtyDYF,1.0,87.0,2031.0,76399.2,True,25544.999999999996,25702.199999999997,112.0,138.0,766.0,788.0,True,True,True,22.0,26.0,22.0,,,,,,,True,True,False,True,1.14,24.0,CS002,H01CBA02P,,CS002-1-1618671018118,3,29,2021-04-18T01:30:32,102980,,,,,,,,,,,,,,,,,,,138,87,788,95,766,2038,112,2027,,,,1.5874778009779649,0.68472303218881,752,193,771,175,0.9469879518072288,18.863636363636335,788,87,-17.208652792990165,87.08817086527932,-675.0,3425.0,1944.0,650.0,25544.999999999996,False,False,,,False,51,2021-04-18,both
H01CBA02P_102980,3,18700.0,36137.5,69,6630.0,6616.875,13.125,27,26.134134337983234,14.359478843032546,3.2404747009277344,1,slide_placement,_doc,PtaZ4ngB09L0ZGqtyDYF,1.0,87.0,2031.0,76399.2,True,25544.999999999996,25702.199999999997,112.0,138.0,766.0,788.0,True,True,True,22.0,26.0,22.0,,,,,,,True,True,False,True,1.14,24.0,CS002,H01CBA02P,,CS002-1-1618671018118,3,29,2021-04-18T01:30:32,102980,,,,,,,,,,,,,,,,,,,138,87,788,95,766,2038,112,2027,,,,1.5874778009779649,0.68472303218881,752,193,771,175,0.9469879518072288,18.863636363636335,788,87,-17.208652792990165,87.08817086527932,-675.0,3425.0,1944.0,650.0,25544.999999999996,False,False,,,False,51,2021-04-18,both
H01CBA02P_102980,0,18275.0,22943.75,37,6630.0,6630.0,0.0,18,28.058544615280177,14.560140901052014,3.2544002532958984,1,slide_placement,_doc,PtaZ4ngB09L0ZGqtyDYF,1.0,87.0,2031.0,76399.2,True,25544.999999999996,25702.199999999997,112.0,138.0,766.0,788.0,True,True,True,22.0,26.0,22.0,,,,,,,True,True,False,True,1.14,24.0,CS002,H01CBA02P,,CS002-1-1618671018118,3,29,2021-04-18T01:30:32,102980,,,,,,,,,,,,,,,,,,,138,87,788,95,766,2038,112,2027,,,,1.5874778009779649,0.68472303218881,752,193,771,175,0.9469879518072288,18.863636363636335,788,87,-17.208652792990165,87.08817086527932,-675.0,3425.0,1944.0,650.0,25544.999999999996,False,False,,,False,51,2021-04-18,both
H01CBA02P_102980,1,19456.25,13656.25,37,6640.0,6641.875,-1.875,19,23.30349930421206,21.336869055783218,2.257174491882324,1,slide_placement,_doc,PtaZ4ngB09L0ZGqtyDYF,1.0,87.0,2031.0,76399.2,True,25544.999999999996,25702.199999999997,112.0,138.0,766.0,788.0,True,True,True,22.0,26.0,22.0,,,,,,,True,True,False,True,1.14,24.0,CS002,H01CBA02P,,CS002-1-1618671018118,3,29,2021-04-18T01:30:32,102980,,,,,,,,,,,,,,,,,,,138,87,788,95,766,2038,112,2027,,,,1.5874778009779649,0.68472303218881,752,193,771,175,0.9469879518072288,18.863636363636335,788,87,-17.208652792990165,87.08817086527932,-675.0,3425.0,1944.0,650.0,25544.999999999996,False,False,,,False,51,2021-04-18,both
H01CBA02P_102980,3,18700.0,36137.5,69,6630.0,6616.875,13.125,27,26.134134337983234,14.359478843032546,3.2404747009277344,1,slide_placement,_doc,PtaZ4ngB09L0ZGqtyDYF,1.0,87.0,2031.0,76399.2,True,25544.999999999996,25702.199999999997,112.0,138.0,766.0,788.0,True,True,True,22.0,26.0,22.0,,,,,,,True,True,False,True,1.14,24.0,CS002,H01CBA02P,,CS002-1-1618671018118,3,29,2021-04-18T01:30:32,102980,,,,,,,,,,,,,,,,,,,138,87,788,95,766,2038,112,2027,,,,1.5874778009779649,0.68472303218881,752,193,771,175,0.9469879518072288,18.863636363636335,788,87,-17.208652792990165,87.08817086527932,-675.0,3425.0,1944.0,650.0,25544.999999999996,False,False,,,False,51,2021-04-18,both
H01CBA02P_102980,0,18275.0,22943.75,37,6630.0,6630.0,0.0,18,28.058544615280177,14.560140901052014,3.2544002532958984,1,slide_placement,_doc,PtaZ4ngB09L0ZGqtyDYF,1.0,87.0,2031.0,76399.2,True,25544.999999999996,25702.199999999997,112.0,138.0,766.0,788.0,True,True,True,22.0,26.0,22.0,,,,,,,True,True,False,True,1.14,24.0,CS002,H01CBA02P,,CS002-1-1618671018118,3,29,2021-04-18T01:30:32,102980,,,,,,,,,,,,,,,,,,,138,87,788,95,766,2038,112,2027,,,,1.5874778009779649,0.68472303218881,752,193,771,175,0.9469879518072288,18.863636363636335,788,87,-17.208652792990165,87.08817086527932,-675.0,3425.0,1944.0,650.0,25544.999999999996,False,False,,,False,51,2021-04-18,both
H01CBA02P_102980,1,19456.25,13656.25,37,6640.0,6641.875,-1.875,19,23.30349930421206,21.336869055783218,2.257174491882324,1,slide_placement,_doc,PtaZ4ngB09L0ZGqtyDYF,1.0,87.0,2031.0,76399.2,True,25544.999999999996,25702.199999999997,112.0,138.0,766.0,788.0,True,True,True,22.0,26.0,22.0,,,,,,,True,True,False,True,1.14,24.0,CS002,H01CBA02P,,CS002-1-1618671018118,3,29,2021-04-18T01:30:32,102980,,,,,,,,,,,,,,,,,,,138,87,788,95,766,2038,112,2027,,,,1.5874778009779649,0.68472303218881,752,193,771,175,0.9469879518072288,18.863636363636335,788,87,-17.208652792990165,87.08817086527932,-675.0,3425.0,1944.0,650.0,25544.999999999996,False,False,,,False,51,2021-04-18,both
H01CBA02P_102980,3,18700.0,36137.5,69,6630.0,6616.875,13.125,27,26.134134337983234,14.359478843032546,3.2404747009277344,1,slide_placement,_doc,PtaZ4ngB09L0ZGqtyDYF,1.0,87.0,2031.0,76399.2,True,25544.999999999996,25702.199999999997,112.0,138.0,766.0,788.0,True,True,True,22.0,26.0,22.0,,,,,,,True,True,False,True,1.14,24.0,CS002,H01CBA02P,,CS002-1-1618671018118,3,29,2021-04-18T01:30:32,102980,,,,,,,,,,,,,,,,,,,138,87,788,95,766,2038,112,2027,,,,1.5874778009779649,0.68472303218881,752,193,771,175,0.9469879518072288,18.863636363636335,788,87,-17.208652792990165,87.08817086527932,-675.0,3425.0,1944.0,650.0,25544.999999999996,False,False,,,False,51,2021-04-18,both
